"path"	"bytes"	"sha256"
"image\map\1001\back.jpg"	"66738"	"3C7466B4767A37C296586A0D6B20D302DD3D9EA355FE35F9F75D1E50CB8E60D3"
"image\map\1001\fore.png"	"162490"	"462FAA2B7DA87E3E0CE9A2E99FB2CFEDCEC61D873FA91CDD8048EA469E72FBDD"
"image\map\1001\icon.png"	"2614"	"4601E55C0E1A9C7A9D56470F0EEB75968701A1973800781968C2E8D55467ECEB"
"image\map\1001\samll_map.png"	"16564"	"A3C2D13CCE9E71EEBCF40C791D882EAC71F3E82E43521B099A3FFE8F7D62035B"
"image\map\1001\samll_map_s.jpg"	"8034"	"9B2E123C8FF333DC643772315ADF4FD766EC0C2CB5A0498FAD9DAA5CB2FF4E2D"
"image\map\1001\show.png"	"220704"	"7FF7606CCA35850B5B47F48C2E639BCD7460B7355DB525CE78A15CE6C08AE2B5"
"image\map\1002\back.jpg"	"57541"	"207B12C9ABB548D51F6A52C1C84638569C606CCBF1918EF0A9B5219B9492EA04"
"image\map\1002\fore.png"	"238970"	"1DDC679C28018A1843B06F2A18B751671F7EA7FE7383A5795C850ECA732FA38D"
"image\map\1002\icon.png"	"2777"	"5AA64169D184101204408E042B3DDA1FF30232FC68303D6E38379AA85A54D455"
"image\map\1002\samll_map.png"	"24087"	"3F437B35333F5083F3BA55BB71DF54800EF463B7F17B8A19F7D9C03D0E7C008C"
"image\map\1002\samll_map_s.jpg"	"6896"	"B6095C966D6246BD8BF7A267425AABC720E48E806E6B2C10D6F59A924881EEA8"
"image\map\1003\back.jpg"	"48064"	"096152029C98FEC4B281D6178F13281F52461803547758B0DE71F03842E97220"
"image\map\1003\dead.png"	"71447"	"FF098FD20D088B307DE7776608CA97A6F76CEF738A877E8B3BB46E6E0F8C0B0B"
"image\map\1003\fore.png"	"151670"	"717FD9F2110C93E8FEE448863CE895A3C3CF80DD3AB05005409D1BD2D318CCA8"
"image\map\1003\icon.png"	"3516"	"C6855DA18D977E8470D33783507738138B7620EECF0AA3AF8015111E1EA17D59"
"image\map\1003\samll_map.png"	"19812"	"C0E07278E3F2EFFF09A4899334E8B9AE35B648297C9C489DFE127FEFDDAF7635"
"image\map\1003\samll_map_s.jpg"	"7850"	"894426FB657C3F49678B81060DD273D09CC45CC5E64F041A02DF1E0FF311BC07"
"image\map\1003\show.png"	"220704"	"7FF7606CCA35850B5B47F48C2E639BCD7460B7355DB525CE78A15CE6C08AE2B5"
"image\map\1004\back.jpg"	"57170"	"E11D4C7BD251D9E76382DE671BDD6563F379F9FE5CE5F8E73EE81354CC882354"
"image\map\1004\fore.png"	"189407"	"9846A32F7A6AD686991E0A618AA9AB4C5A7CD23DAFFEF13B83B45A7737FC94A9"
"image\map\1004\icon.png"	"3437"	"7E0D23BAE142426A174610652C9B68EE5BF57FFD27B132392306BBA7DF57D976"
"image\map\1004\samll_map.png"	"19843"	"2F9795C41FC4CDDD33B1DEC5497D93582C3B8C1C0A37C759F950DDB81E8D7BBE"
"image\map\1004\samll_map_s.jpg"	"8027"	"B327A1E25E41D478C79D1B84EFA2C2473E2C7C3DBCE580069A7CB84AED3B47C7"
"image\map\1005\back.jpg"	"50322"	"771448E5276D814C3FA56C379DC3B707463D3DF4529D9AB2A74875282DD23F7D"
"image\map\1005\fore.png"	"127754"	"2621A0A86E56E6CB17330D89F7B5CBDA7C2E35F18AE416570DDFFF5A67538322"
"image\map\1005\icon.png"	"2487"	"DFCE01488E141A24F6444937C35366AD3F501BE90F9B2C60C4F37457C191E76B"
"image\map\1005\samll_map.png"	"18209"	"F35CFAA8104DC6B8B284ED3499B106800927A46F17373DBD797B166641A9827B"
"image\map\1005\samll_map_s.jpg"	"7596"	"57AC0E97C17427D084FCFF5A1513DD0BE5FFCE2A4E97875F9A75B12705980F5E"
"image\map\1006\back.jpg"	"71432"	"752CE3FFE3E982E88C3ED10FCE371B82A64046E5C9C55AEB20213395F782BA38"
"image\map\1006\dead.png"	"22608"	"854E734961A970D7C0DD0EAEA66EA5551F69D07584ECCDEA189E92B2EFB2A332"
"image\map\1006\fore.png"	"148533"	"CCE9CCA0CEB2E859F0851DC0D0AA42D24F7D059F113C83B367BFAC9068811F68"
"image\map\1006\icon.png"	"2874"	"A4DDA9C839F488C40C7A40E054779513DBF989E853B26B6C42888FF16E1E0E93"
"image\map\1006\samll_map.png"	"20573"	"CC40A2A4002745F122A3F9751FBCE3842E5BF4339703C95B18D3BB22A504C08E"
"image\map\1006\samll_map_s.jpg"	"9152"	"F0C5FD2C091F613D6444F9BA38D6313B05F74131361DC48855F3F7860FE8BA04"
"image\map\1007\back.jpg"	"58155"	"81D62052E452E66BD1B0486B06757409F326109A85959E42C2080F6C60CCF96F"
"image\map\1007\fore.png"	"229357"	"4F2401DBF3B3E83F8BC9E9D677E52CF0B11DA09C87B46F43B64563A7C52C843B"
"image\map\1007\icon.png"	"2736"	"87382419B656414D5DC4C79745C71C78390051A1BB037C54D2C79DE60398C2D9"
"image\map\1007\samll_map.png"	"17328"	"72D8B1D9B8B44BDF3BD4CD2F0D8E852627FA6C9AA85CE7448524A566C3259586"
"image\map\1007\samll_map_s.jpg"	"8082"	"8FF204D758462E5CB7D006FB0C176BFC29756F7B86AEBF4E57E813A2E1B26A1D"
"image\map\1008\back.jpg"	"55070"	"8E8ABC4A7E79438AF4FBB541148F09586D42CA73A5A1017419923C744E26B351"
"image\map\1008\back.png"	"1629505"	"4254327AC2CF931C71331970C1B8E3B5C3DE50D119A5F84167374025CB04CCCC"
"image\map\1008\dead.png"	"347344"	"21BD5BE58A6DA62A330E000F831626827CDAF62DE6B51D37B5CEB74EA01C13B9"
"image\map\1008\fore.png"	"307695"	"0B7350AAADFDE4987EC8B73B11212209DC2D4625CE979D56A4E79766EA9FD28D"
"image\map\1008\icon.png"	"2677"	"6597F0BDDAD1D0AB0F3881A2E826F765438286ED4AC3A37D9F650C8D6AA81801"
"image\map\1008\kyubi1.jpg"	"106726"	"D1C1524FCA53F4CEABCC98E5A4E243A64B58A0426C4FD2D8A566D0E75B20338C"
"image\map\1008\samll_map.png"	"15078"	"ACCA552A2F7CAD317E3CFB6CE7AE36BDED3D9B9A9EE4AA9107B24F74FE1B62EE"
"image\map\1008\samll_map_s.jpg"	"7886"	"7E07C39FF763A125BFCA4413C1C9F83D67523251C8AC01ED90E899E031A4E93C"
"image\map\1009\back.jpg"	"67987"	"DCFFAEFB612990DF0EAAC2B9E4F57B951CC131E9571FF63DF69C635962EDC912"
"image\map\1009\fore.png"	"258434"	"D6FC1646D5A5D711915D5412CEA91EB06B2F6C63F113B8F40FD5087749D0D29F"
"image\map\1009\icon.png"	"2369"	"06962E43EB776EE8EF442CCF3F61DAB861D821E26832E4CB524244CC0489749E"
"image\map\1009\samll_map.png"	"19893"	"6DEEE56DD20D2306BCD5770826C14A787B15EDBD6644628D038CCAD5404B576A"
"image\map\1009\samll_map_s.jpg"	"8097"	"E937C94DDD8C36F84C9C7E312AC4955F72AAFE0BE37ABE06015E9AEEBC544925"
"image\map\1010\back.jpg"	"43591"	"BBD6855708D00F60AFCBA69148375DD8D5EC097AA5CA2E4B052A9A256DC1E8A6"
"image\map\1010\fore.png"	"166368"	"B55461F1F02CAA3A2C8479764E21520669FE7DBB1EFB0D9528939597378A310A"
"image\map\1010\icon.png"	"1947"	"14A940D30ABC61EC6D74C2C3F3DB98F2B3B6A2120909AF4D679AF48DEDF4E3DB"
"image\map\1010\samll_map.png"	"8577"	"FE55E388244AC57A020ACEEBD308AFF870AD6AA979ECB077946B949B47E948C1"
"image\map\1010\samll_map_s.jpg"	"5915"	"81B86A782B1D6734C3BBE09B5874E378EC2C201339FC17221964A526EF28BA0A"
"image\map\1011\back.jpg"	"76516"	"0151D32E32317AF11DD11EDE5AA52CA2FCF36FFFA61FF512E5B3FACF2D33A41D"
"image\map\1011\fore.png"	"259844"	"92050BFEF418F2215C492101D15D3D1AC55A1720D796EAF28E4E09F57EE84D18"
"image\map\1011\icon.png"	"3000"	"9EABB8A5837BEA0F89F66F29C682AA08F8A483BDA20025717EE27AD84C96CC00"
"image\map\1011\samll_map.png"	"14079"	"F2D63ECE92E267DA37F5133D4506BC5AC4F8177A7CFD6466F962D6893E581F6D"
"image\map\1011\samll_map_s.jpg"	"6722"	"F1BDA4CE1CEADFF7111B06815660E8A88ED0BF4E6922E49BFA58856619E0A536"
"image\map\1012\back.jpg"	"212698"	"C56256D37EAC54514940C9FF5A468055D39BD79A4F5FFEE41EDA8692AB58432D"
"image\map\1012\fore.png"	"198814"	"581760091E327D3BC637672F47C2E790F29CA47986200F09D4B2B3F91D264F96"
"image\map\1012\icon.png"	"2446"	"9D042428D2259758E8954734F132204E21B9F2D8D2C38E9FB9E70DDA0F563EEF"
"image\map\1012\samll_map.png"	"19297"	"41468D50CEF2EA7FA801A7C6319F68F448C2C2FDA3E7B7DBBE4AEBD82ED29FB8"
"image\map\1012\samll_map_s.jpg"	"8127"	"B30920E2FDE0FCFE8BF5B76BE0FFA4DEC27939C8B980DFF9C620A2E8833B56B9"
"image\map\1013\369509_100000778777571_594000942_q.jpg"	"2531"	"AAE266D99E23B3069616F8438BA8F546F7862E40BD03905E65714BE242248BD4"
"image\map\1013\back.jpg"	"201880"	"EF1AC5FE9F715496567DC18628E97F7988C8534A25B3B6C8354BE70FE26B9B2A"
"image\map\1013\fore.png"	"210361"	"9849D2965C79873C3D10219AD74D78CDF33ED3A13781BF6CEBD57AFAAECBCA54"
"image\map\1013\icon.png"	"2607"	"E0CF9D6649CB26E0EC9B6DF38E043F9199780DAD8170E052EA38B7895F6C6297"
"image\map\1013\resident_evil_4_23.jpg"	"126898"	"7E59CFFCAF8589E4E3BE280D3F7524ED179392F6EDE84339BC4CCA5305092C3D"
"image\map\1013\resident_evil_afterlife_6.jpg"	"213819"	"A99A33B529F3BB7C4D6A4953AD49E9215A1CD8AAE9E5D05AC8E07862E0B64630"
"image\map\1013\samll_map.jpg"	"56549"	"2332CBADC9B3F1B1E0547A8D9A1D6A35AD0B807EB5139D918E4549B0D9FC2601"
"image\map\1013\samll_map.png"	"17371"	"9B6DCF22A104F17206D2D52BA29BE1DD545470B29C89F9BB13B543C7B60B62F6"
"image\map\1013\samll_map_s.jpg"	"7746"	"18F38317577B9348C3D7A80F4E2F28C48035C6FC60AC8133185F29456B8A99F2"
"image\map\1014\back.jpg"	"115669"	"36BAD872CBB7A3FDCBC135A0E73AB2DEA5AFFD2EC81C0ACB162ABF94E4C5A682"
"image\map\1014\dead.jpf"	"777957"	"42BC4E6C80EDAC37656828B6F5444EFE85A38220561D8695801E2222AD68AF96"
"image\map\1014\dead.jpg"	"794690"	"AB21FC2F69BB59FCEA4E35308C155CFEFF8B471D5D5ADE9BA97DE11D4B36C27E"
"image\map\1014\dead.png"	"31250"	"457DBD684E667E7FED1AB039FB157E7B07943334C49A89DF70EE011F2A65115F"
"image\map\1014\fore.png"	"240477"	"52B97F039F3A4B334970D4C15FDA54F67E7993E613C83BBACCAD0C97B44B823C"
"image\map\1014\guitarra-2820.jpg"	"137090"	"237CB1AAAEDD8DDD74285A071D8C62A866A394227AAFD14DF27A978446759472"
"image\map\1014\icon.png"	"2410"	"B0ABFF991E8BD8EF3B2720F2DF2520F8D9261BF3F92A57912F4AD2755BACC5A2"
"image\map\1014\samll_map.png"	"13832"	"C6A421550CA67DF35809994FDB9DF2171E83F2E6F86E76B75017E7728D0B0DCD"
"image\map\1014\samll_map_s.jpg"	"7906"	"CF2DCAA2A03CDE1DD4CF0278F6C12014D661D8E92922E1BDCFA85C386A07A3A3"
"image\map\1014\themetal.png"	"174238"	"C1E81A54280F79446046AD8D11804E656483E1436C4C02781DB2DFA2B3A57EA1"
"image\map\1014\wbstgbk.jpg"	"38849"	"4EBF7DA8F05694E9DBF671FEA7811613779616B853A28935C348CC59955C71DE"
"image\map\1015\back.jpg"	"93168"	"E1E315A61A026EC344C72EEF5F2E12D9E495429E6BF73E09250509F17181D675"
"image\map\1015\dead.png"	"201149"	"BB23E00558073074A846AA86ECDF79DFC887C9CFC1820DD30E7887C235DC63DA"
"image\map\1015\fore.png"	"201149"	"BB23E00558073074A846AA86ECDF79DFC887C9CFC1820DD30E7887C235DC63DA"
"image\map\1015\icon.png"	"3937"	"8CD948CF5B089C77C654BBB14429B5B3F79A5155FA0C70A77396FD067D1533F1"
"image\map\1015\samll_map.png"	"14159"	"53EE87DE4937D27B2CEB6E8384C8AFFF145A8C95935DB5EF05EE653D48D69AB8"
"image\map\1015\samll_map_s.jpg"	"8282"	"80F7A5A95B6CEFFAB817F10EC9F96CC724A9D773DE99F3A2511328FF595EA024"
"image\map\1015\samll_map_s.png"	"17693"	"91DCA89160AF9908AE84A025DCF617372DDA6EFA5DFCB56A51EA630F1B8A76EC"
"image\map\1015\show1.jpg"	"83336"	"5ADF4A79549A5C62458BCD0C3319E85E9DE3527E5530552B59D5265875CEE0C0"
"image\map\1016\back.jpg"	"118720"	"573648404F9F254710393008755401D9E74E72F7CE6A1B63C447670A5E32F16C"
"image\map\1016\dead.png"	"147719"	"934E0E3E98380BB57499728DD50A352BB98BE540DA33581B90AD69819CA893F4"
"image\map\1016\fore.png"	"147719"	"934E0E3E98380BB57499728DD50A352BB98BE540DA33581B90AD69819CA893F4"
"image\map\1016\icon.png"	"2916"	"40A26F7EA73CF04D86C4103E936F9536A129BEA4F9E168F3E75BA01E4C231C1B"
"image\map\1016\samll_map.png"	"19893"	"6DEEE56DD20D2306BCD5770826C14A787B15EDBD6644628D038CCAD5404B576A"
"image\map\1016\samll_map_s.jpg"	"8132"	"A7D489AA6CE5F47E3B15B2EB823B66CD49D275AD3872C2CC1CE57A3F304044E9"
"image\map\1017\back.jpg"	"111640"	"E9D10A889FE6C623A038F53B6A2ECDE3BACD641D2FAB87D58B02A222ACEF32BD"
"image\map\1017\dead.png"	"118306"	"99AF973E6E163BBD81BA80C860A4A26B4A9B0B61708A144DA4A038FE6E5FCB80"
"image\map\1017\fore.png"	"118306"	"99AF973E6E163BBD81BA80C860A4A26B4A9B0B61708A144DA4A038FE6E5FCB80"
"image\map\1017\icon.png"	"2607"	"C2C1544A2EE780A1982A1F6B26475EB5886E1592905B50BF539D4DDC6E0776D5"
"image\map\1017\samll_map.png"	"17371"	"9B6DCF22A104F17206D2D52BA29BE1DD545470B29C89F9BB13B543C7B60B62F6"
"image\map\1017\samll_map_s.jpg"	"7711"	"C51CC2847E89B633F472793FC92DF0455F0392A5ABDD7FD5423D5B237E874DF7"
"image\map\1018\back.jpg"	"127154"	"DB7E045349D43B041C5F1561A4DE642C8B952F1962305758DB2418F1A7AD9A04"
"image\map\1018\dead.png"	"181000"	"60E61881A03C5CB20238A07332FF37DF353FD5F05D67D1277525FB62D1FC38B7"
"image\map\1018\fore.png"	"181000"	"60E61881A03C5CB20238A07332FF37DF353FD5F05D67D1277525FB62D1FC38B7"
"image\map\1018\icon.png"	"3540"	"4F95C883404CB0A3E15613E54E39409EB65A0C6F7949EE7622A030D81289745B"
"image\map\1018\samll_map.png"	"18580"	"140792CF47E9ADEDDE0F6C0B1BB9E32D3975723B7A5FFA166C0BCCF51A0EF05F"
"image\map\1018\samll_map_s.jpg"	"8062"	"37D099C6ADEB12BB3D3DB8035469F80B4A11C5E69E5D5C541941CF7610C3D9F6"
"image\map\1019\back.jpg"	"127135"	"F83DD2EE0E6843CA73AEF6744480C5225E9048CD5A967BA729796F3C07BD4ED9"
"image\map\1019\dead.png"	"128657"	"E43055010C639A7E2BD2FC5CA38DFCDDD64F44511D59DE0B23000D4729A54772"
"image\map\1019\fore.png"	"128657"	"E43055010C639A7E2BD2FC5CA38DFCDDD64F44511D59DE0B23000D4729A54772"
"image\map\1019\icon.png"	"3483"	"BE161110B206AB54BECAFD796F283394A1CC104281F775474B86FDFD636E0EF4"
"image\map\1019\samll_map.png"	"17716"	"6C5440267343F0AC30A6A2A029F3DDDF3C086FE58A701DCEA954BCB33DB3B025"
"image\map\1019\samll_map_s.jpg"	"8408"	"1907FEFB2359672BB2EB5217BC12514FDB213910B785F83A844A3812B3DCA8EE"
"image\map\1020\back.jpg"	"93474"	"C9022F3E1736777D3D362D4D5793E70A6520D659F6F4CEFD64D9443A6777DFA5"
"image\map\1020\dead.jpg"	"794690"	"AB21FC2F69BB59FCEA4E35308C155CFEFF8B471D5D5ADE9BA97DE11D4B36C27E"
"image\map\1020\dead.png"	"96494"	"7CA110B3FCD0E02F1C875A198050B7D7519551EEBAC7C26D763BEC4B51ACFE5D"
"image\map\1020\fore.png"	"96494"	"7CA110B3FCD0E02F1C875A198050B7D7519551EEBAC7C26D763BEC4B51ACFE5D"
"image\map\1020\guitarra-2820.jpg"	"137090"	"237CB1AAAEDD8DDD74285A071D8C62A866A394227AAFD14DF27A978446759472"
"image\map\1020\icon.png"	"2924"	"4776281C0D6839D71C2224AB8637595C8EE098EF0B09C815FC686E373AFB25F6"
"image\map\1020\samll_map.png"	"13832"	"D3B26423A9D8C39A063FDE5BDC681A1CE22F806854DF33815F86FAE2892D1587"
"image\map\1020\samll_map_s.jpg"	"8259"	"9D72E73D51928D2BE154ED198712FF754B83CE63F52DE1FAE4F0A233AE33CFC2"
"image\map\1020\wbstgbk.jpg"	"38849"	"4EBF7DA8F05694E9DBF671FEA7811613779616B853A28935C348CC59955C71DE"
"image\map\1021\back.jpg"	"81631"	"DD5C3277738A7DDAA6208744934ED61D8B521B90BCBB871005745C3C6DF77308"
"image\map\1021\dead.png"	"78445"	"DFE8BD39CA2FDBABF23A8729453F67C77192609E7E5F91C3C2CBFBABF89A4E7B"
"image\map\1021\fore.png"	"78445"	"DFE8BD39CA2FDBABF23A8729453F67C77192609E7E5F91C3C2CBFBABF89A4E7B"
"image\map\1021\icon.png"	"3271"	"3E804EE01D6845A88AD321A8DC74B09D9511A08DA8D291483960CFFBE6016BAE"
"image\map\1021\samll_map.png"	"16619"	"97E02B77252660D60884000F4EC71C50072EFB871A6A55F7C32E8F9BFA35E3F1"
"image\map\1021\samll_map_s.jpg"	"8280"	"77892198867A6933E337469EA758F13BF3AF354566101F6787A30B6D0F733EC7"
"image\map\1022\back.jpg"	"92125"	"299C153A11F5EFA4FDA056B65905CD73EA40EC5C6AF94AEF3556F4E007A68C04"
"image\map\1022\fore.png"	"240753"	"9DD3CEEF2412C451C22EED8A9B6EBFD00670BCEEC954B8B8472B3F9EDF6080CF"
"image\map\1022\icon.png"	"2273"	"E7DBF8D03A6BA83D8CA67654AA012FE8DBCB16D3201B96E453D3849B40CA03FC"
"image\map\1022\samll_map.png"	"14508"	"AB62AAC958327913CC6C3D64F92BBD6E40C358955FF7F085F2A982CEBDC1FFC8"
"image\map\1022\samll_map_s.jpg"	"7945"	"0B20CEC871FE7CD933B6F5A2B08188572DAB7EDF321B6737066D72D2EBBF4AC9"
"image\map\1023\back.jpg"	"140989"	"CA52EE7971FAC05D4DBE4F384DDCF5BFB805E217F7CBCE7AD2B9227657E03C68"
"image\map\1023\fore.png"	"254922"	"065970A26A8981D4D61E926D48860825E71D0B4655C3735ED39ED2C597F0594E"
"image\map\1023\icon.png"	"2858"	"72B80921C326F965EE0A0E4990C541EAB12967DFF4C4C3F5D690A4E9E27760F3"
"image\map\1023\samll_map.png"	"19001"	"662A6D44260CB0E2DDE04F4184129C7DE15B9C33129264B44B4B68A719314BE2"
"image\map\1023\samll_map_s.jpg"	"8380"	"74BD0F6E8352C11DB726D2FD513642FD7A2784C9FDD44B8D3280F5BC5E69E121"
"image\map\1024\back.jpg"	"72659"	"A051942E1DEE83E12D2FC38E816AFFC50205B4A08BE528858902630E586D1D47"
"image\map\1024\dead.png"	"15289"	"DA2CF4FD014B7791C08C5952A24F013E8226137560618405D5D058490DFE8324"
"image\map\1024\fore.png"	"182332"	"DFCB4DA3526544F30238FF1DBC79F2BB8B6BC1FE7626548461C67E691734AFF8"
"image\map\1024\icon.png"	"2329"	"E3D9FA54B0532798E3E3876884A4446B2563051C7A9E4DCB9631B5B50CBE1863"
"image\map\1024\samll_map.png"	"14712"	"5006AA4A849B51D08FBBB83F1D04CC8BEBF1E62628ADCDC926031A64EE4819A7"
"image\map\1024\samll_map_s.jpg"	"7561"	"219D3CABAB0753D54500D2ADC99B99396798609D6FFE1DA8EADB09D72A02DCBB"
"image\map\1025\back.jpg"	"114418"	"C842226DE910BD1AA1BF08376E69AE89D155453159A73A58CC855C7B10A42AB7"
"image\map\1025\fore.png"	"273858"	"98EB6196D967672D1960F84C23B0208821AC22832D7D153F8256851CE44944E4"
"image\map\1025\icon.png"	"2948"	"865492A494EDE6BAD0A3BB9B8E0007F30FB0A03554588FB5E603F3FC88A59BF9"
"image\map\1025\samll_map.png"	"18694"	"D7AA001B4BDC73939EAB1D6B738E2D01900CDFEC35B57C1C170C82B5F6E35925"
"image\map\1025\samll_map_s.jpg"	"7448"	"605B5518862188FFE97B0344F8888064FA02BBD4CF4A52EFA12E94AFD11BC3A2"
"image\map\1026\back.jpg"	"71665"	"A22CD4DF0952486A78C24CFFCF2917575054BBF38C3A1645BD3FF83DC3F88BD3"
"image\map\1026\dead.png"	"127309"	"8633FF4DE85F6C9EA955AC3E2C103C74179F8B1A72BC550039B2E1518F37BB86"
"image\map\1026\fore.png"	"100423"	"1926F8DF31B695DA4E046BCEC26D5F9F1F31A0ACE39E16F143A1D93B3C3D55E2"
"image\map\1026\icon.png"	"2766"	"81814D554F32905AB107C07940EAB512FAB7792C063E57729F26CBED00AFE0FF"
"image\map\1026\samll_map.png"	"11717"	"130D111031C5AF85EC8B9D1C4DD8B9DE8788FDEE1040FDAC4AA85DE980406524"
"image\map\1026\samll_map_s.jpg"	"7541"	"D129AF7F10747B17F7F7FFA017BB22DBAA05F963644899A6C355C70D2A283FD8"
"image\map\1027\back.jpg"	"157178"	"A0553CF6F93D813CA1614C232DD5BC92244EBA5F37F2FDD21314ECD89FDB2AB5"
"image\map\1027\dead.png"	"30569"	"1890F160853105B8005B0F1CB965FDC4DD3F01EA092968FDF27EE124077B7C63"
"image\map\1027\fore.png"	"150976"	"C89C3CA7837507F25192EDAFE870379E8A2CBADE608001729E5E03588EB404B5"
"image\map\1027\icon.png"	"3385"	"675B58A77F592D2A1F3F4DEE12122FEB36BB80AA2660DA33F9200A30A501BC5D"
"image\map\1027\samll_map.png"	"14362"	"E0BEACB03441A4A21ACD2B52060BBFDEFCFC7EF8D6593FD44E9BB4B64D0ADD16"
"image\map\1027\samll_map_s.jpg"	"7774"	"C18FEC3C6A0D87058FF50AE8DA5B97733FEA1788E208A40DD7BB4B3FD37A7156"
"image\map\1028\back.jpg"	"111439"	"1C97A8635B592E2675ADF2E700AE3A9E7DD54ED914BEB6A1065857F984E27771"
"image\map\1028\fore.png"	"436666"	"6BBB4C9EA79FBB1E1023F417C39FE36DCBE290BBD11ABE0F885EA4407CA8C9DE"
"image\map\1028\icon.png"	"3220"	"FC8241B969F92592919C086B1DEC7ADE3271613173EF869BDF90CA8A12C485AB"
"image\map\1028\samll_map.png"	"14431"	"678DBC666B55F49B00ADF93C1DB23EE57C1E07ED9B5B0368E76FD7A8C5A5E2CE"
"image\map\1028\samll_map_s.jpg"	"7538"	"BCB5CCB3EB3B8AACBC72C8B4FBB2403853094C30381F533B2C9F6020C4C38FA9"
"image\map\1029\back.jpg"	"85166"	"E0334907D1EFA81DFD490F0A02ACCC4F4178C90E86FD64FF05BA101D1E75C666"
"image\map\1029\fore.png"	"134875"	"5255069DE29DC505A7AE9A39D28276239EC0A9C3B341A896080F94AA7AF5671B"
"image\map\1029\icon.png"	"2807"	"BA38D9461209CD8D3CE35D50098DB3E33006748F3341213350C360F962FA1139"
"image\map\1029\memes.jpg"	"245240"	"3B8AE5B68C07D16160ADF345482787D62FE844B3D2E1FBA90CC9006589267DAC"
"image\map\1029\morroc-ferido.gif"	"64979"	"8C0385930ED12374511F1654FBACAD5CA466D7524ED764773FD56E3BAA3EE143"
"image\map\1029\niflheim05.jpg"	"216480"	"06E241BB1B968C2A66086C42A64FFFD09501E78317D9DF6C6A36232E890662F9"
"image\map\1029\samll_map.png"	"18376"	"D2E0C44847A1F3994321BD2391AB4383CA041BA61707C9BE1CE44A1DA063649D"
"image\map\1029\samll_map_s.jpg"	"7702"	"F1AD98B0A1E21A93312F7BC5255633525A0132F7B8DF45D50C34682286265C01"
"image\map\1030\back.jpg"	"86799"	"9074E63A28F685A239C8A43BDB5086DDA68DF51481B8799DD39774CB81A02114"
"image\map\1030\fore.png"	"169360"	"C9264A840AB44C81CFF1AA4AABA547ADE33B8493AFD07CEC378AEE646D430F43"
"image\map\1030\icon.png"	"3177"	"B0986FD4A6327C783D9646DE9F8DD1BB6FFBEF396BD68B047E2811E0EB410BB1"
"image\map\1030\samll_map.png"	"14005"	"E3AD95D2E87D9C161690A19AE7D4D9AC9AB60DF4B061AF05BE181067D93F31E9"
"image\map\1030\samll_map_s.jpg"	"7356"	"FFE8296A37C6EB3063840D5343C907A44ACBCD5E8E454DC17FCD97B35F3FFE4A"
"image\map\1031\back.jpg"	"105815"	"399599B74D3474805ACA1012C29A465EA05788A0C0B86A6BBBBDE809606A0ECF"
"image\map\1031\fore.png"	"417811"	"A279583A1FEB647F23229DBE2AE077D1D152443DC3C6A47920F21F04F94373D0"
"image\map\1031\icon.png"	"2752"	"864CD215983F99ABC83A8AF38681C1F22B4C4BAA27208BB3F88A2EE8B34C3D5B"
"image\map\1031\samll_map.png"	"15922"	"F4530D84BFB9D02D6DA3B2ADB76DB45A0CE84D7FC1D733D9266F3215BBB80ADC"
"image\map\1031\samll_map_s.jpg"	"8133"	"7CAFE29D6976EE50DF19F08BB172540E474325227A226E6267236B79C6719E3E"
"image\map\1032\back.jpg"	"37948"	"D43C842A0A3626F33007FE2223F10941BE3E7CA58023DAA7E301DE8F971123EB"
"image\map\1032\fore.png"	"504027"	"49B19CD00F8A185D9D869A803B3D31AC40CA322E27E3A16B2966F2D8C2BF81AC"
"image\map\1032\icon.png"	"3302"	"ED4C87EF0DFB300389F78F465AECFD6A19A5222AD17D28DBF72B14CFAD6D03D9"
"image\map\1032\samll_map.png"	"11034"	"761C98FC8BAE17F6F01B48EF81C7BA8C5E32C3A304D8E06591D9BE1B634F321F"
"image\map\1032\samll_map_s.jpg"	"10187"	"C3CE079A38CC790C5A8E92E3BA2DC2E80923AF946CD48A077F2F621A2C1A2480"
"image\map\1033\back.jpg"	"32205"	"5A70691BA4964FF67BBDB4DFCC049DCB08C75F8CC9DD6BCADAABA19FD32C8A21"
"image\map\1033\dead.png"	"294027"	"91A1B72C423D1BDC93CDB89EDB93E79798563B96412E63EB99FA3A0A9C0134A1"
"image\map\1033\fore.png"	"121204"	"D53CDEFBD6CB62198E00A44D3F49339581E920BC1C535493827AB48A5D87D99D"
"image\map\1033\icon.png"	"2671"	"C8D9A65CBB7F5307485ED4B040959B5A0FAE0DABEF42546AFA1D6834E9CB7E73"
"image\map\1033\samll_map.png"	"12840"	"A6C830EE6C0830AE20A976E92812B3B956DB6FA8540C92FB2ABFF5835F8DED4D"
"image\map\1033\samll_map_s.jpg"	"7682"	"7E03C54CF6F36D336A450D69A78FDDF86037E2A5E1A284D716500246E95B8E6A"
"image\map\1034\back.jpg"	"156793"	"CAFA4964595D41541B82569EC696A438BB2FDDB050B112A258E49E7F1C64B030"
"image\map\1034\fore.png"	"471873"	"1E92E668309B9D44FD1D39689A50576B9B24FBC7261A4B5FDFB8B77A8692EFB9"
"image\map\1034\icon.png"	"2059"	"CA12B6B42FE5FE425E593C5596605C85A11FE9159749E6F42D513139E1B2DB39"
"image\map\1034\samll_map.png"	"18499"	"B2D78095AF2C5FF96B53D95AEC520972088A558D115BD5DBC88D15AB93711F07"
"image\map\1034\samll_map_s.jpg"	"7919"	"B65E7C52D00444C27C109C6731D1DEE33510BA35FB0D7CC8382FAE4B2AEA5B65"
"image\map\1035\back.jpg"	"68564"	"F23E3B1129582426D961276181EB3296148448F73443230B30E1A21E7F1308ED"
"image\map\1035\fore.png"	"228850"	"7C07D489118EBA24080B0D998596CD4F91E29D7F2C894B1D1AA7356D163BD302"
"image\map\1035\icon.png"	"2490"	"55F4F10565626410E248C84C0E5D9497B2C0BE206DB18C03CE30B80E3C12F7E5"
"image\map\1035\samll_map.png"	"15140"	"E711FBBCA943D9CCC9792B4BDF8BD0B6D5F17571CDDCA073694DC80FE4E92CC7"
"image\map\1035\samll_map_s.jpg"	"7238"	"7A80F3F991258031B2D8CF2A02C66ECD788B61584FFA120DEEB816812C1CB556"
"image\map\1036\back.jpg"	"57097"	"8B49454A6F3F1B5976AF9C04F73D073A31741F1F82CF7444D5D57D784DABABB8"
"image\map\1036\fore.png"	"243587"	"E4B8A60848BEB553514E3B6F1E5DEF623C854E804C60CE7BBE3D03B6E561A0AA"
"image\map\1036\icon.png"	"2830"	"23939AF37FA80ECC5365EA495332AC55822539F13196348D88F8730487962EAD"
"image\map\1036\samll_map.png"	"11882"	"73686D800E58FC7950C54502FB7A65C9856470756FBC2F83948796AE51BE7495"
"image\map\1036\samll_map_s.jpg"	"7867"	"E44D96DFC373EA31D5D1F8C38DCDB1F9F072E8DE1C4048D2FE45455833672FB3"
"image\map\1037\back.jpg"	"94602"	"B4FFCE8445CFD24C54E9931D24E55FBEB82C2668233577214A80326BC0C59C2C"
"image\map\1037\fore.png"	"350443"	"6E31B3718DBDF8489E1E49977250E87989463741B207A469DA78B10936F98B92"
"image\map\1037\icon.png"	"1996"	"959A2E4B1DA1F82A9CAF5D678E753A895DB38599C192E9077D7C3EDF9D1A5456"
"image\map\1037\samll_map.png"	"12345"	"81450805B2F60FE4F94889B9117D66DC05082D9A73099FD7AEC95FAF1BC08071"
"image\map\1037\samll_map_s.jpg"	"7158"	"6A294CFD13E9A80A20C8A7EBBE2D2D43330DCA181E106F4ABF6C81E74EC61B68"
"image\map\1038\back.jpg"	"65575"	"4571DE4C45467CB1FE48B5399BFBEEC931D0E8C59FDED6FB50D6F7716B3A966A"
"image\map\1038\fore.png"	"478665"	"0D3FE7F3275DE00FE48182CEDF5DBED6140019029CAA843E3DF5D4610F1F4E06"
"image\map\1038\icon.png"	"3198"	"D7536C474582CD5C39186D9678B4C24C0EC59ED2CE3AF15F3B66BFC71F533A9C"
"image\map\1038\samll_map.png"	"11671"	"A216143C62975CD0A67E5A980A9214D5E9C08A1D48D44576C44A4ABCEEFCE83B"
"image\map\1038\samll_map_s.jpg"	"7001"	"5C1211C1FD570C47E26469C57D9C75173EA9B168BA4CDF12E0B585C80C93ADC2"
"image\map\1039\back.jpg"	"129815"	"D9870A163F072C05E4F366F910040DE7DEF125380761A7044E64BD81CC2EB3FA"
"image\map\1039\fore.png"	"623176"	"33496806343CAFE1D436DB19C2BD9DBB1BC829D8962BB860FA57502948F650D6"
"image\map\1039\icon.png"	"2359"	"5DD6677419B3BDFCCB999F12D4B7548F020539759E8EF278CA8CBAD37EE9596C"
"image\map\1039\samll_map.png"	"13495"	"9F668F46B5053E07C87410293182AE7AD0FC1560073D842CBD35E6397E7FB6A3"
"image\map\1039\samll_map_s.jpg"	"7624"	"E250D690C650D9E0F5C54896BEA966B728B12ABF62FEB71A9648FA52841C4532"
"image\map\1040\back.jpg"	"51554"	"31C9DB37D241245DB30BF309D630122D100EE9C3936A96CDA31285EFEF9ACC73"
"image\map\1040\fore.png"	"251091"	"6FF5A00DB4BA867906355A5ABA307C4C756F81AB0BF8FD3FE27AB3EC3D17EF06"
"image\map\1040\icon.png"	"3028"	"25705BC651B91C5ADA42855608B28485269DC665656C7E53F7FB1BFC68D62E66"
"image\map\1040\samll_map.png"	"15160"	"3DAA2A59A1758B89510693DF7A986CAA19121411ABE1104C7B5B73E6E01819AF"
"image\map\1040\samll_map_s.jpg"	"7710"	"AF5F4A83EE90E1976D288BB86F3C1CC70BD5A855CE84E981DDAEE09B95A6F30B"
"image\map\1041\back.jpg"	"79766"	"F76AC67571AEDF146C3D8673A49A8754E603BFC01EBD56A738A946E4F9F45154"
"image\map\1041\dead.png"	"23698"	"F59E2201C74C993FFE27804B4B5A0453BFBCFC46215E97E6B0C98E9468632C44"
"image\map\1041\fore.png"	"55223"	"EE9313E19021FCE5838A366760CF03E57F97165C1C0C4A31F3E48651894BD484"
"image\map\1041\icon.png"	"3826"	"28D9299AA386D9765FEB3B005D66B9D45DBB8DB884245EF8780F5B55DD416E02"
"image\map\1041\samll_map.png"	"14362"	"E0BEACB03441A4A21ACD2B52060BBFDEFCFC7EF8D6593FD44E9BB4B64D0ADD16"
"image\map\1041\samll_map_s.jpg"	"7808"	"A21D9C5EFD32B31DB5C062AD7B91E37292BEFFE9FB90CDF2C361DDF746123F46"
"image\map\1042\1287666826226.png"	"130930"	"E4BA6BD926D85AFBFAB0511C3AC6415C7043176AA3EF125572AA0E5209EF3900"
"image\map\1042\back.jpg"	"118004"	"1FAF87496A5226169F6823ED836327012BFB7DE004885917228722D727CF92B1"
"image\map\1042\dead.png"	"195176"	"66BB72FCF6DBF8836CCF62BE9FF3F39F587ABB59148EAE52DA2F15845EABEAA8"
"image\map\1042\dead.psd"	"4277398"	"4A1505FD34E562BD4940AFC8BD05A9B44049AD88E293862C8DB3077065D16C0C"
"image\map\1042\fore.png"	"195176"	"66BB72FCF6DBF8836CCF62BE9FF3F39F587ABB59148EAE52DA2F15845EABEAA8"
"image\map\1042\fuuuuu b.png"	"560314"	"5EA14BBAF1FD25F02D828BB232B32F370097530D10F62DF90AC879DBAE4CC8E8"
"image\map\1042\icon.png"	"3378"	"DDFBB0E70BF7EE7604264D0CEFE57BA27D964AC24A85C07EAA5E2436DA2BD467"
"image\map\1042\image12.png"	"131848"	"62E0EDB7529DB31A90726549A7D088C0540CFA277AD57C74E112D78A62E3F284"
"image\map\1042\image24.png"	"64429"	"5400D5BB158A0C3C02BD53C62937234186D7B2C2BC1B53056AFB14E96071DA28"
"image\map\1042\image28.png"	"88923"	"FB254C1BCD080517ACAFC4E1A8CD17F8886130D22E70DA270EC7D1961E908AAF"
"image\map\1042\image32.png"	"59652"	"6EB51247624B17D24A0691C29BCB64C3E5C8DF9AF512F3F70C011C9681F76410"
"image\map\1042\image36.png"	"41600"	"1961E81560C0002978168592EE5EEDE9A236BA77634A44A937D09B3C1DB720CC"
"image\map\1042\image40.png"	"46929"	"A0375F3437E95BAE39942F8FFCE522ABE04147456DAB754309B9702922C6BD18"
"image\map\1042\image48.png"	"33387"	"92B52B8632A42353609127F2FC6CA30F846F90445ED452B53ED93CA405278CA5"
"image\map\1042\meme-lol.311236-1.6.jpg"	"248060"	"7A0250D08001F654FE0DEC38801AC15DFA529BD0E3CB7EEB2EF4197E7D82E3A3"
"image\map\1042\memes (1).jpg"	"245240"	"3B8AE5B68C07D16160ADF345482787D62FE844B3D2E1FBA90CC9006589267DAC"
"image\map\1042\samll_map.png"	"19001"	"662A6D44260CB0E2DDE04F4184129C7DE15B9C33129264B44B4B68A719314BE2"
"image\map\1042\samll_map_s.jpg"	"8320"	"482914731A766833F06BFCADBD4067864F2F6E413DC964DF23EA951411969662"
"image\map\1043\back.jpg"	"47067"	"F32F5339CEBCB29A50CD734000B187C56CE50406FAFCB96CAD717B679F407511"
"image\map\1043\dead.png"	"179693"	"511E263068665AD33635D2DC5BE048C21EA998374B40E66AFFDABB47912B4869"
"image\map\1043\fore.png"	"37637"	"BE34328B167CADB37410547B385C6837A57DF83FC94ABE8A210DB986E44D7B0C"
"image\map\1043\icon.png"	"3609"	"254A88B0106E6E6BA43FB93A6E768EDF009FF92BB43ABD83D0DE7FA7228FCFBA"
"image\map\1043\samll_map.png"	"14431"	"678DBC666B55F49B00ADF93C1DB23EE57C1E07ED9B5B0368E76FD7A8C5A5E2CE"
"image\map\1043\samll_map_s.jpg"	"7599"	"1F5A9502795BEEC35187AF627352D3B30BA831F003F583B3645038FB61A83D65"
"image\map\1043\samll_map_s.png"	"13793"	"60E9BCAF54EB3C808734245CD2C03E4EDBE721965530D65BCABE8B6C5684493D"
"image\map\1044\back.jpg"	"47391"	"09476DB43A99AA2D9C39B01B10E8C39BF0072E7C7E16F5548718B1B5A2E45341"
"image\map\1044\dead.png"	"32519"	"41AB443154E40A394D06C3EB7D0118E0F0F64BF3787F2D2856E81D2A4BD281B3"
"image\map\1044\fore.png"	"92041"	"8A169AB79CC392E4C584164900406BB4B80AEC5BE8CD8926D267BFD93B62C181"
"image\map\1044\icon.png"	"2836"	"E637F4B72E417C6BBF995ACF2BD8C713CA074D9612C4C089771BC7F8427EA1FB"
"image\map\1044\samll_map.png"	"14548"	"31FE93C400D8139CACB890F17357283DEF9CBD66FE59DB8150CECE8515710C78"
"image\map\1044\samll_map_s.jpg"	"7700"	"9069555F3BDB600FF4EBF5CD28AFA02BC3264B94D47B858A02D476D1B2C3CF56"
"image\map\1045\back.jpg"	"60837"	"75A0B957B1249A35CE8DD8CCC65B3117C18C26BA979171F9CC32E9A3DD591635"
"image\map\1045\dead.png"	"104993"	"11F2A97703B1D2BA3EB02F1426925D249162A7857614935236FED6A2783FC1EE"
"image\map\1045\fore.png"	"78539"	"E0CA8FAC2A00FC65840C02AF9F98842A44C874E406E4AC52378DB35F5D8328A2"
"image\map\1045\icon.png"	"3212"	"09600DB9A87187AF29C98E124652B1F70BB2E4AB272C7E6F99D36B814A805DAA"
"image\map\1045\samll_map.png"	"12627"	"F98570BE32A8AEBDC429DBFFD4D00FAF87C604C1E22B3E0E05E16F152CC847B4"
"image\map\1045\samll_map_s.jpg"	"7178"	"3F907B9DC7878D4BFEE0A8A85546F99769CBBA44136CC26D243DB0ABBC926E9F"
"image\map\1046\back.jpg"	"50948"	"29E00FF51FAF8F63A56464033B20AE30DB3CCF710FE9B4087943F61A55F0560D"
"image\map\1046\dead.png"	"71200"	"B5BABDA508225960F19F523B9C40D5A9ADEFDE1F4AF28FC08C02DABDC44BE543"
"image\map\1046\fore.png"	"71200"	"B5BABDA508225960F19F523B9C40D5A9ADEFDE1F4AF28FC08C02DABDC44BE543"
"image\map\1046\icon.png"	"3648"	"A93B7AAB3B0BAB60EC697EBDD5C9FCD4BB3962FB06F2F378E99DC7B3D671EFFE"
"image\map\1046\samll_map.png"	"19429"	"A2C0E64F6D35347B7D0CB44BC65CB96086627C59D42221BDEFC811C5169696E0"
"image\map\1046\samll_map_s.jpg"	"7906"	"483C1FF9123A75CD907E99232E671FE2A5BA55193DE0541AA273EE1C217BA24D"
"image\map\1047\back.jpg"	"61330"	"A60B7053B92801752333AA541A6BCFDE4A77364D47E61956F3D0A2EB165314A3"
"image\map\1047\dead.png"	"170462"	"7D068926DBD739455D999275713EFF661A5B9A57243C8880B9724D05DA5791A5"
"image\map\1047\fore.png"	"170462"	"7D068926DBD739455D999275713EFF661A5B9A57243C8880B9724D05DA5791A5"
"image\map\1047\icon.png"	"3117"	"50818D14422EE3FEDEF98689E2C6F2EA909F3C2A3330596EA98D07A57ADF4C15"
"image\map\1047\samll_map.png"	"15922"	"F4530D84BFB9D02D6DA3B2ADB76DB45A0CE84D7FC1D733D9266F3215BBB80ADC"
"image\map\1047\samll_map_s.jpg"	"8124"	"D5DE35543DF3332C40A28ECB9EE222CE62E2B81133B7C8037B453FD0F776190F"
"image\map\1048\back.jpg"	"94293"	"67E9BF6C6D7D75A016FC517FC5AEBBDCC39161C469D64854D7BCF835E132ACA2"
"image\map\1048\dead.png"	"100022"	"C210E4F427CD5118B441392808219165A86FB65324E1E8D36149AE2FD89AB39D"
"image\map\1048\fore.png"	"100022"	"C210E4F427CD5118B441392808219165A86FB65324E1E8D36149AE2FD89AB39D"
"image\map\1048\icon.png"	"3659"	"4DC400E2370BB959848F77770B700626046E7D48B7F50F9AFB7D55925C442CB2"
"image\map\1048\samll_map.png"	"14005"	"E3AD95D2E87D9C161690A19AE7D4D9AC9AB60DF4B061AF05BE181067D93F31E9"
"image\map\1048\samll_map_s.jpg"	"7381"	"7C59BD24885A5DC813A984112D727724E5D973BCA5153346FB2778184D7C09EB"
"image\map\1049\back.jpg"	"56282"	"8BD585B24FA7F6FEE7F9A06B058D528DBDF7A10C214E2B7B0BE8906111DD34AA"
"image\map\1049\dead.png"	"232834"	"86F0B28720E1B7E896627568157DF65CE6A30EC2DB0F7F2A3696DBF74143636D"
"image\map\1049\fore.png"	"232834"	"86F0B28720E1B7E896627568157DF65CE6A30EC2DB0F7F2A3696DBF74143636D"
"image\map\1049\icon.png"	"3440"	"1AC4B74F4957272958D3B9DE25217A0DE59565970BD7B3D941A876DB4C0E1198"
"image\map\1049\samll_map.png"	"11034"	"761C98FC8BAE17F6F01B48EF81C7BA8C5E32C3A304D8E06591D9BE1B634F321F"
"image\map\1049\samll_map_s.jpg"	"7566"	"EB31C2A2BDA4453F2F0DC47B7DCF49C7D4FB2FAD9FA9A9DCC73BF4A6B4543F4C"
"image\map\1050\back.jpg"	"42057"	"72ABEB75BA1F219E7FBF13949FC2000A4939396B3B570A6FEB3781D0AAD27F1B"
"image\map\1050\dead.png"	"127901"	"B265F1A0B06F652510EB84D0CF4BB10CFD1AC9E46D9BBC23A71884073558A3F8"
"image\map\1050\fore.png"	"51901"	"3EE304EB3DE00B2900C9030AA1361DC56CF95179D05F1B0547153424CC6AD911"
"image\map\1050\icon.png"	"3175"	"3BAE6033F6442509998B051CFC78B53AB30F77652A89018FC5253E3DB1CAFF8A"
"image\map\1050\samll_map.png"	"12840"	"A6C830EE6C0830AE20A976E92812B3B956DB6FA8540C92FB2ABFF5835F8DED4D"
"image\map\1050\samll_map_s.jpg"	"7801"	"CEDA821DE38A9C45045A8EB67FBD5870D54982CB2763B55AF7B17519DCA93084"
"image\map\1051\back.jpg"	"123476"	"113AA37688FCB07BFB9411C223F87DBEC46FA1229E38ABC3DAA737AFC448F6DC"
"image\map\1051\dead.png"	"318093"	"D2A54E961E1585E4CB740425EA48A41C8C262A09CDE45FF16A0E5A054BF68272"
"image\map\1051\fore.png"	"318093"	"D2A54E961E1585E4CB740425EA48A41C8C262A09CDE45FF16A0E5A054BF68272"
"image\map\1051\icon.png"	"2216"	"8DF8970AD65C142612DB9B6C3B0834FAE7C0685AC1B3151B80810762112D8F12"
"image\map\1051\samll_map.png"	"18499"	"B2D78095AF2C5FF96B53D95AEC520972088A558D115BD5DBC88D15AB93711F07"
"image\map\1051\samll_map_s.jpg"	"7948"	"52EC79DA55F7F6A3418C53CDF0B2989F0D51642DEA5C21BA95A4D3DF204021B2"
"image\map\1052\back.jpg"	"57481"	"98B0893F65EFDBD03E18E14CC1CA03896B617E8DD5FD6C24376643F313F1993B"
"image\map\1052\dead.png"	"122582"	"6A443C016751BC1C38C8ECBC4E584F42222C44F283DF167955F3EE67F6C6DE3E"
"image\map\1052\fore.png"	"121623"	"A3CE4CFF89D0138564F751B184CE830C6F0BFF6259EABF163B226ACE9AB0EFC8"
"image\map\1052\icon.png"	"3486"	"62DDEDA6853EBC7670C5341AE1D7D4AD0257EC9D89262FE66AF23A7F404FE3C8"
"image\map\1052\samll_map.png"	"19081"	"96DB36C6FDB49115EA4CDC13E5580F84BF318C672EAECCCF00092E56C090C688"
"image\map\1052\samll_map_s.jpg"	"7518"	"23AD6E46DA54402031AF319BD433DB3047C8D4A22398F3E3D866C0867707713E"
"image\map\1053\back.jpg"	"51842"	"67DAF58E15DD8B180BFABD6B2210F7EC032368EB698D4BD0CA258FA20EFFC713"
"image\map\1053\dead.png"	"111799"	"E9E55284AD1D1D3A45ADFF034217F172E10019B6FD31184ED86856DEB7BF7D47"
"image\map\1053\fore.png"	"27507"	"11640637150A91D0E31805285F4746B7559061CC3BFEEF622E892252B13351C4"
"image\map\1053\icon.png"	"2998"	"A706C8BA3CCAFF4FFB8049C839B06928E1CB09447121B81415FA6C8FC5514AE6"
"image\map\1053\samll_map.png"	"18805"	"3FEF1D8871E85080FECFA43C6DFC4902178020DAEA6CC9C39DE0736FE3643587"
"image\map\1053\samll_map_s.jpg"	"7402"	"E63A40064D0700F4C66C23F4076050A7DA758E27AFC6947DF28A2364729D2AE6"
"image\map\1054\back.jpg"	"45344"	"EA7470836C62DDB4E294C12D9DF13CCA1036AAFE450A7BD7579192E27C56778C"
"image\map\1054\dead.png"	"134276"	"777EE48193AC98157B5B9219258FD8A0E575C24431F8EBB80FD06E71BCDC8558"
"image\map\1054\fore.png"	"134276"	"777EE48193AC98157B5B9219258FD8A0E575C24431F8EBB80FD06E71BCDC8558"
"image\map\1054\icon.png"	"3372"	"3C51D6BD669435602784869F0DEDCF5C66A5149C597809546E43D551A09A7884"
"image\map\1054\samll_map.png"	"11882"	"73686D800E58FC7950C54502FB7A65C9856470756FBC2F83948796AE51BE7495"
"image\map\1054\samll_map_s.jpg"	"8002"	"F70FDDC6D0AD75743C08F1A698941B0D4665EC8F110CFA1BD541EAB74898EFC7"
"image\map\1055\back.jpg"	"60228"	"5DC1A91F7F9E77BF2E5B6BF2BF2E32B2D24C13BB7FBE4D1125165C33D3832EC2"
"image\map\1055\dead.png"	"75131"	"7597B3E3684F1486164171AAA747F1CE01C3333860CD93C99631E658EFEF747A"
"image\map\1055\fore.png"	"75131"	"7597B3E3684F1486164171AAA747F1CE01C3333860CD93C99631E658EFEF747A"
"image\map\1055\icon.png"	"2921"	"CA3F8E3FECC0F015A887B5768349DBD301ADC0A20402A3FCA0E29911983F7BBD"
"image\map\1055\samll_map.png"	"13495"	"9F668F46B5053E07C87410293182AE7AD0FC1560073D842CBD35E6397E7FB6A3"
"image\map\1055\samll_map_s.jpg"	"7958"	"AA3F8CF46B06FEB529001FDFCA240937BB383FF02D6283E2397350923D9422FB"
"image\map\1056\back.jpg"	"47971"	"EB6D3B6DA2FC2F121150F784F7EF1AEA35915070994AD1D1F06E79F38035C95F"
"image\map\1056\dead.png"	"233175"	"975AD316071802EC427E3F31FCE2D42B4C0C9E5148A909B8EBA182005EDEA858"
"image\map\1056\fore.png"	"233175"	"975AD316071802EC427E3F31FCE2D42B4C0C9E5148A909B8EBA182005EDEA858"
"image\map\1056\icon.png"	"3517"	"36D4B2F5DEDAA54A12B81C16ED8F8B167D2F489091C23CC4F1882CB93050D032"
"image\map\1056\samll_map.png"	"15160"	"3DAA2A59A1758B89510693DF7A986CAA19121411ABE1104C7B5B73E6E01819AF"
"image\map\1056\samll_map_s.jpg"	"7813"	"8C7E75A78DD022F293E1F3321AC94D2DC892BAA5EBC103A5DFB31A22A92EFB1A"
"image\map\1057\back.jpg"	"61603"	"0A406B1606FE7630385E1AB2FCC131051B0F6C7C0C9A6002B6DC2173B588D593"
"image\map\1057\dead.png"	"181123"	"F735DA490698D9768F60730FE820D47D5580C5F9047949BFD1B0D78915B86350"
"image\map\1057\fore.png"	"181123"	"F735DA490698D9768F60730FE820D47D5580C5F9047949BFD1B0D78915B86350"
"image\map\1057\icon.png"	"3310"	"8149A95826C1750287768F1E6A9DA96DC197BEFFAB61071369043E724A7C99B8"
"image\map\1057\samll_map.png"	"12345"	"81450805B2F60FE4F94889B9117D66DC05082D9A73099FD7AEC95FAF1BC08071"
"image\map\1057\samll_map_s.jpg"	"5909"	"B0928665093B81A730322A49C3ADF168E2361AAE5C9F64C8B82AE916BA2F80E2"
"image\map\1058\back.jpg"	"30865"	"108252491027D0DFE9DE30B60A4E9B86688BA611E144ED247C804B805DCD3FC6"
"image\map\1058\dead.png"	"238372"	"3BBEFA6C77D57D96F02AC12C8DDB85DBB2317C21B001192752D532852EE5722F"
"image\map\1058\fore.png"	"238372"	"3BBEFA6C77D57D96F02AC12C8DDB85DBB2317C21B001192752D532852EE5722F"
"image\map\1058\icon.png"	"3743"	"AA92AEE7192772DFA2F227006B52051041AE94C5213AAA3B9F72CF269E848AF3"
"image\map\1058\samll_map.png"	"11671"	"A216143C62975CD0A67E5A980A9214D5E9C08A1D48D44576C44A4ABCEEFCE83B"
"image\map\1058\samll_map_s.jpg"	"3975"	"4A58359DF73248CC3F541C1BFD17CD1E6AAAB2109A30AE9A554E8E14DD384CC0"
"image\map\1059\back.jpg"	"125622"	"6ECFB78F5E1F78430359835BA9BA629F0CC7CD3D27E3BBA4F6415B68C2341877"
"image\map\1059\fore.png"	"273144"	"44D786CCB37F03C18A1B5886F8E8D2AC6AFC993652ADEF482D6E3C9667AA7CF4"
"image\map\1059\icon.png"	"3638"	"8A67AFAA51021E9003867A86A90C05F15F38E4D98C3238C8A665357AF36AF566"
"image\map\1059\samll_map.png"	"11207"	"91CE78FFC621317FFAACF4A44DEA49EA9B222EAFC1A732F24B49ADFCF322300A"
"image\map\1059\samll_map_s.jpg"	"6092"	"9FECDB3C7EABAE027060521097E65726AAC3D7F529A1FFDD52E8C66CCD5DA17C"
"image\map\1060\back.jpg"	"92596"	"EA0B31B7E897E07EEDC17C696D36B84003704EFF587DF75A11F74491971DF726"
"image\map\1060\fore.png"	"239787"	"8FAAAE7ED0784FEFD131CCB5D6C7483068CA04CEED87B2A1375CD413CF8AA407"
"image\map\1060\icon.png"	"3274"	"A2D64C080FD5A6B0F63DC740E3458C6132E61CA29577EF2642EBDB996875F683"
"image\map\1060\samll_map.png"	"9987"	"6D28625FBEC05A4FD855285CA225E553B069373EA0CF8FDFCDD429EC85FF9DDC"
"image\map\1060\samll_map_s.jpg"	"6257"	"46ECEA6445ABA16E4ACC2FB83256B93BA44BE336E30C51A37264380BBC8FDE41"
"image\map\1061\back.jpg"	"95444"	"EE09C6955A165218969F1D6E50DE4DB41657B5AB0C1B72029094F6719DE77D60"
"image\map\1061\fore.png"	"262360"	"5ACB8EBBDEE25B31341D61CA4125F6B43C5D31C8FE05CAAA7D16F6705BEB5DF6"
"image\map\1061\icon.png"	"3433"	"CC271D6311A00772ADC532C10740503E94BEE3CFEEBEC81A947874CABCC561E5"
"image\map\1061\samll_map.png"	"12463"	"3B4223296EC85ECB9706566E913419A0DD4D1AC1664C9EAADE72C89EADA4B063"
"image\map\1061\samll_map_s.jpg"	"4413"	"370AF8A3B32F70A96B8D3BC5E0013A0F0C4FA7726FE9C1560FA3326F45A276E4"
"image\map\1062\back.jpg"	"62631"	"7413ACA1A75199C30EB56D0CAC72C2F425E44EEA2F655C0173D9116258F013C4"
"image\map\1062\fore.png"	"260270"	"A426CA77E35FBACB5853D026EB9C0293769822B16C2125E3280759855DCC42D7"
"image\map\1062\icon.png"	"3902"	"1CCF22A419E7906E679B144A42FEFCA253146FE8592197C3286A71E00E300975"
"image\map\1062\samll_map.png"	"11829"	"C5B812C28EAF53E50EAF74DB973E6453EFC442894B08B6A59546D7F4FA50003D"
"image\map\1062\samll_map_s.jpg"	"4068"	"EB745E6C55D8A2B8E1C4B7CB5D9AC0D124B76D3199D8E83E8CA7C5D0D0847E13"
"image\map\1063\back.jpg"	"77780"	"314D38EA0FCFA12E0F454EE53FD31D138DE464675C13BD4D71CDC7D360345080"
"image\map\1063\fore.png"	"144593"	"2412D98C4BAA4BBC96ACCAC56CA4546EBFD4B2FA9930EC37A87636BF9FB69621"
"image\map\1063\icon.png"	"2202"	"720209E679A0B7AE69B125C2B843339CFD6F8FC656A2F73ECA6FE14ED71FCAC2"
"image\map\1063\samll_map.png"	"16168"	"42A76D40D86E1F5C09CB838FFE190D9B207D2D201F92FBA9D39D1121B4F56FAC"
"image\map\1063\samll_map_s.jpg"	"4503"	"1E666E8A81D641DBD3C8B315803E961B9E926283EE9CC84BC552F87767C0E81E"
"image\map\1064\back.jpg"	"124019"	"759370B98F981DEF25F570BB09399FDC518FCB0AF7704E807F36710838C4B43E"
"image\map\1064\fore.png"	"147999"	"3334050B683E5E52DE16FBC976E692850C0D8EE35C62064A3F978BEF1D2C00B7"
"image\map\1064\icon.png"	"2944"	"16E7CE45D5F1E7E1CA20754B4254DEDF9C4BBE7B897CA27707B00FCAE7CEB5F7"
"image\map\1064\samll_map.png"	"13720"	"7161400A3F92CE10F34934A4AF893519DEA3140672B7A12D593B49E06F5F51B8"
"image\map\1064\samll_map_s.jpg"	"4683"	"E0CCD1243148B1015EC0FC5678C70961DEC32525512BB51422E54D7D36D79529"
"image\map\1065\back.jpg"	"90383"	"FC74239C051A1CE66D5A00ECEE12CB94EBDF129FE6BFFA30317888A24E8AFF5F"
"image\map\1065\fore.png"	"362794"	"E6786A0F11AF38987DC1A9A2DF03EE28EEF9E3DADE42DD0D644452E91F609F93"
"image\map\1065\icon.png"	"2895"	"1E86F97437C6FDB935A07618F7FEC8423F0D2450131C1794A2C654C32B874F95"
"image\map\1065\samll_map.png"	"11950"	"DB8F0BC855C727EA3D9863F9A2696856B3E601F820EEA0F0B9F928D5D9C77FC3"
"image\map\1065\samll_map_s.jpg"	"4789"	"DE5ED4EEFC186C4300A4C7AA2A9F2D1FB8A8ED99BFD877A42CE6E7CE37C1D4A0"
"image\map\1066\back.jpg"	"117154"	"E3072285D345A5C012E58FBDD4C188D8E3396D380E53A0D0E6AA290CF9C9D3D5"
"image\map\1066\fore.png"	"507734"	"5A519B5E695773CDCF6C61F4102F295AEE9C58CA49DAB49EC9B80F6D86AE89D9"
"image\map\1066\icon.png"	"2895"	"5357EB1098C971EEE4C5E63A344FACC717646D60364678C5E7CDAAA0A33353CA"
"image\map\1066\samll_map.png"	"18718"	"1E964F57F012D4BD0C9D139C4FE2AF57BD9A4DFAECDF1F75EF06D4100CBD8D4D"
"image\map\1066\samll_map_s.jpg"	"4845"	"6E53F35001CFD05B510EC9C41829401BA33F02E024C67870994B7E5A9D679000"
"image\map\1067\back.jpg"	"170447"	"BA5F932F27609237C5520F59D9EBBF7C4EA9DAA09486FE51B0890E32EEDC7FA6"
"image\map\1067\fore.png"	"920672"	"DCEA661BDF021FF12FDE9A9503E03310A16CADF6E727C81D484262659954444B"
"image\map\1067\icon.png"	"2698"	"0C4D9F64AB38BE8317B79A9F2574F5A2DD117C47DF1CD61FE9C9BBE0A393CD00"
"image\map\1067\samll_map.png"	"15252"	"24E533E64B949006255BAFD2AB2B085E2A9714578C2ABC997CE450B75F17D905"
"image\map\1067\samll_map_s.jpg"	"4457"	"E06E84ED33F164919D8F8BEAC5E5B983043AB9ABB3D0228E79A38FA17667D54E"
"image\map\1068\back.jpg"	"84241"	"C764D946BCFB7366939153F373A00E6BE0F48E5328F43F536ADEE5B8DDE51C0B"
"image\map\1068\fore.png"	"828241"	"BC460C16DE94B5396BCF70EC211CB7A32F7153B2EE0999547EA2E322B3422A45"
"image\map\1068\icon.png"	"3014"	"826D2D3065E4D0E43217879ABDE6686AC43E7788888138169F476E08040800C8"
"image\map\1068\samll_map.png"	"12355"	"17D4FAB72F066E92E8E444F826644E5B4353EC706D80CF7284B868518CE8D5B3"
"image\map\1068\samll_map_s.jpg"	"3936"	"B65FD49A995B2DC06515E6BBD455346D571D2ECCB60F799F55E619C68FF3B3AE"
"image\map\1069\back.jpg"	"94099"	"53DB38269DC420A7139E3F3AF110A6CF16296E25D8413A429BAAAB10B21AEB3C"
"image\map\1069\fore.png"	"134462"	"CC9ADCB6C54C156F17E12887DDEA047B3FD38A59C9E4D8E9AA75583A8603CE59"
"image\map\1069\icon.png"	"5933"	"5E2A187441004F8B73DB3C60FD374A3E25D65E78866AF95E6FD3C68E198E2F8F"
"image\map\1069\samll_map.png"	"14416"	"784D71ACFF43202270B010490305EC859C47BB4AFD593261BBDA79AFB95946CA"
"image\map\1069\samll_map_s.jpg"	"5741"	"8EC78921720AF0E0B996352B9DDE71C4D5F566F0870295F4AE658380289E3B58"
"image\map\1070\back.jpg"	"78523"	"C0AE56C3A62A80C0EE2A037B13F39309A943318C1867FF67B75D209BDBE88A9A"
"image\map\1070\fore.png"	"139388"	"FD1D0E5BE7F2F0069F4CD757F9B9AC9DC6520FEF8F5CBD369CBA714364ABE925"
"image\map\1070\icon.png"	"6027"	"D592EDF116D78300B4515786E4047C296CAF1F19F8C040F07CD06792F50E93D6"
"image\map\1070\samll_map.png"	"11797"	"0A3A15E86CE405B899B4C4E96989601F91A0FC795FAFEAE8B9A072480AC392A1"
"image\map\1070\samll_map_s.jpg"	"5965"	"19BD20552A29B8E4DC6B43866CC50C9AF5FE5FC96D3D10085431CCA6DFABB71E"
"image\map\1071\back.jpg"	"91899"	"41C35267FA89612932CE00965A78074029CE73143099682949DD493C8E05E19A"
"image\map\1071\fore.png"	"745438"	"F66DA1A33165E5E9893B27EE2A28335281EC746D81D339FFA9A3A357DBD626C3"
"image\map\1071\icon.png"	"2463"	"4991CCFA9C93805F83777F615CF5BEE8A4484C94DD482682D477473C70A4BB11"
"image\map\1071\samll_map.png"	"13791"	"975949C4B212D93D3506F5F450CD3D173849D929B9ACE4972828A5C56CA7E9C9"
"image\map\1071\samll_map_s.jpg"	"4383"	"5687F2B7B280B6BB0966388CEF2866B25E5F4C0C6FAA2936D44642CA75B57E5F"
"image\map\1072\back.jpg"	"37106"	"86EE1963941EB7B7490D178840D627E1F5FEC62AD1AA51B8ED6AC664BF610B06"
"image\map\1072\dead.png"	"230167"	"617CA4FDC8841B9801231D333523D6196692A5C575E60087A5BFBA9265595E8E"
"image\map\1072\icon.png"	"3256"	"435BEFA7114BE77F7282C8BA42F13D08CE33007CAB04813606F08AF5A311E4C4"
"image\map\1072\samll_map.png"	"16001"	"2D62F4DA2F0FFB7D75FC8797D206A707000D20A55B5CA048FD19C0D95B13B179"
"image\map\1072\samll_map_s.jpg"	"4849"	"84523508071A0658365D3B99689CD0AE89DC4C21AA5E71ABB14741C12A3D82B0"
"image\map\1072\show.png"	"247540"	"3811BA8066110725FDE8490B31EC340B84FB6FB4629D5D4DE99CD8A89A69A5FB"
"image\map\1072\show1.jpg"	"37360"	"7C6E9C075EFB84D95AE2DC89508588CF348F9BA6F6E4F0606E1CAB854C76164D"
"image\map\1072\show2.jpg"	"42467"	"C7B5C5B2954F94B53F7A2552FEC399954E4BE27008147074108BB4E548A29FA5"
"image\map\1072\show3.jpg"	"41728"	"EF1090A73896C5A078DE766AD243EB04341AB30A689CFC76950394A0F5B11A78"
"image\map\1072\show4.jpg"	"44076"	"417DEFE11FB906B5101B1E468ADCAB9F6AA933CC7BA1B460BAA2CEEF1F790E94"
"image\map\1072\show5.jpg"	"40621"	"F57A8768433EAD016FC1D26EC13039230CD23900E51EE56A46F346E911ACD1BA"
"image\map\1072\show6.jpg"	"40030"	"52AC61C380E978D81B888D2FE67870C4D8308808550FF64DA4D232507B983560"
"image\map\1072\show7.jpg"	"41146"	"CE18B547D298A9CC7233C0EDA43B03AB5DC9067E3C2F31805E1A264A45D2031A"
"image\map\1073\back.jpg"	"32427"	"351729886F08F9C88544DF35DC6EFCD7BC72860A54E672AA2C0CCCBA2D6DB449"
"image\map\1073\dead.png"	"212317"	"6D2E9A3164CD6B022D9876DC1662215F7AD03AB94BF62C7A6F32220C7A08AAC2"
"image\map\1073\icon.png"	"3357"	"6122E1448C5B038A12511344B7BB2D052F2445928141677C957D45C99529C154"
"image\map\1073\samll_map.png"	"14827"	"3F4B0A244E8DC0923496249A82C1123727CDB3A9EBCB7CA684F993BCA2D2EA43"
"image\map\1073\samll_map_s.jpg"	"5081"	"2666910E3A6140B27EBA5F3BCBF798BF3E94B93D68D6BEEE142F474E9D36838A"
"image\map\1074\back.jpg"	"91468"	"1E0A69CEFC21896CEDD203ADC62A8F18F0DF965D826F8017E6EBF7522A589627"
"image\map\1074\dead.png"	"257290"	"587588B5BDFC5B8081D2ACED2D36C8CA5A4F44807742F3ABF348754F383550F5"
"image\map\1074\icon.png"	"3141"	"82E250A06932660221056D6A7D222E6AC412703D6FE5B541067A72201E1E0741"
"image\map\1074\samll_map.png"	"21838"	"CC923673557F6E8F6A6AF2F2B997A70DA3C72CA5AA4345D6378578E1AC1D1EBB"
"image\map\1074\samll_map_s.jpg"	"5302"	"7B00970C6EDCA474896C969373035CF7A57C6FAAA75CF53A83297463903249A9"
"image\map\1075\back.jpg"	"393566"	"26CD3792993F943A4EC04E1BC8D03F39D1360B0C7D6525E1DAB8CDB2B526C2CE"
"image\map\1075\dead.png"	"205121"	"44E231AD5C347E55F4F3C99AC7CEF0DA2E82580A2075E12EDCA71289A58562E9"
"image\map\1075\icon.png"	"3059"	"958D4DAE1B1B1F53E0B84E1CE3DECCB3765775FEBB3D05F13CEA99299C25AB91"
"image\map\1075\samll_map.png"	"50792"	"1379162303466ACEBBBDF207A24CF989B5D1B0682312ABCBF0C312F26C25005F"
"image\map\1075\samll_map_s.jpg"	"4363"	"02EC81452E256837E9270D9E2B1757E64EA6A922741A9C7FD874E98C28D64144"
"image\map\1075\show.png"	"356622"	"73E744F54A446DAF6322C0D60CAEA592D19666724180EB4CE653EFDB8647E110"
"image\map\1075\objects\1075object.fla"	"765952"	"2FE203D1EED3F5B69D7A4D90D2BBC0BB1DC54E0AB675D1E0C014A2ED5CD68FC4"
"image\map\1075\objects\1075object.swf"	"312171"	"6AF1618AEDA99947CEBB18D98135CB758E9E70A5EB00B323DC643E497CB7E5CD"
"image\map\1075\objects\1075objectv1.fla"	"1214464"	"5F2B4244378F2BB677C5C52D7A0883AB2312F180E3F8D68A0AB1CD5908EA3E33"
"image\map\1075\objects\1075objectv2.fla"	"2215424"	"89C204915DCB6B7D963E99B06063A0495CC4B720A964E9D841D6818A047AABC6"
"image\map\1075\objects\1075objectv3.fla"	"772608"	"C230256C639881C98341B3C5372318E2BDA3AA76F131FC14D4937622CCB4B12E"
"image\map\1075\objects\wordtip75.swf"	"2682"	"BFC904AE65144B7BAA83160FF7B128C21CA7B8A9B2F7E0B5A6A7B2A1649E384A"
"image\map\1075\objects\踏板动画.fla"	"821760"	"D65BC6064C2963B2ACE4C7B1B865053B2367409615AF87E4BA1A2D7CBC328BCB"
"image\map\1075\objects\踏板动画.swf"	"36"	"B6DC4E1ED9CCABC6AE1AE75098131007D9E306AC6BD7EDE86FF20AD8AF2CDC30"
"image\map\1076\1076mapasset.swf"	"39754"	"474F11B22396B01B16EBB03758CB24545E83035ADFC237DE4D9C401C5883181E"
"image\map\1076\back.jpg"	"116509"	"5B1E329F0DECB72C5A9A1F4CB1CEE9AFEEF3C12A76CFAF9037ED965A814DBFED"
"image\map\1076\dead.png"	"247206"	"FD2FC08B077A07377B7638B9D548D619332B510740D2BD802DF5C0B99F95CF42"
"image\map\1076\icon.png"	"1971"	"2D551338B662CFD84155EAD2E50495F2DEADD00256E1FABB8307AC81094AE06E"
"image\map\1076\map.png"	"20169"	"7E8C70C13D2A21A1534742BAF362B8FA6BD34605A10305982229F4E86ED68097"
"image\map\1076\samll_map.png"	"6522"	"8584FBE895D2B995AD7F3F14E1A466E253F30DA7096BE449E662E7C335F341BD"
"image\map\1076\samll_map_s.jpg"	"4710"	"1AB0F5085F1F3955A80712B7610F7089113F95E8C6BE23F5B2D2931E6B0DB4F8"
"image\map\1076\show1.jpg"	"55537"	"5F1C42392773770F4115CDEEA110855538C378C1926D44CFA663EAA5BB59FCB1"
"image\map\1076\~1076mapasset.fla"	"237056"	"3BC3397732B4A9F0B5DC76EE9EE0C727315F9D89470EF788888661E75932B9BA"
"image\map\1076\~1076mapasset.flp"	"464"	"3A5ACF03E717CD506083A15E7339046A75272A26BF438159A6C7152FCC5187D6"
"image\map\1076\com\mapobject\asset\waveasset_01_left.as"	"252"	"58B68F56E6B0E9439339BAD61FAEFE65F222CAB6D26B3431AC65A08DDBE7FBA0"
"image\map\1076\com\mapobject\asset\waveasset_01_right.as"	"254"	"41F6EAF82F88297C546D6220EF0E24D33D04EB3D6D784D463C24F4E9A1AFCE0A"
"image\map\1076\com\mapobject\asset\wordtip75.as"	"236"	"BF9095541D6C2F7C561D9939873E7C7CB40711C9909B7E72C489CBC6D607BF83"
"image\map\1076\objects\1076mapasset.fla"	"1014272"	"1C3D6E66F51918AC476BE005E67CBAB17EC9E9283478B04AB30ECEF80739B5CE"
"image\map\1076\objects\1076mapasset.swf"	"39700"	"57B9EABB50CFCF77C05B47044B0976299B93242FF1F7852AC03064F5F135AC06"
"image\map\1076\_1076mapasset_fla\s2_2.as"	"387"	"ACD471DBBF25C31D842E6706B29DC185F6313B9B53DC5666D7BC7E5047369C77"
"image\map\1077\back.jpg"	"92683"	"2AB13798384CADCDD07B58B850C73FDEF47C46EC4E974BC787F182415730C81E"
"image\map\1077\dead.png"	"77193"	"55FAFB3BA45AEFAA606C6D620B3235C5719D23CCCA977F5A3BEE435E8E53112B"
"image\map\1077\fore.png"	"74959"	"8B588F8449BD14FA13DE92F87CF019467F6A3336E8B3FB74608C433CACCB0A24"
"image\map\1077\icon.png"	"5863"	"8D4730DA8061B3BC45605E1A213074EAEE1E0FDADA8FC448C32FDE4A497B5CB1"
"image\map\1077\map.png"	"20169"	"7E8C70C13D2A21A1534742BAF362B8FA6BD34605A10305982229F4E86ED68097"
"image\map\1077\samll_map.png"	"14034"	"67D7D06970A1090D49662776F4188AF3C527BE03879CD43C745831039A3BE810"
"image\map\1077\samll_map_s.jpg"	"6060"	"19A3860423593C1415E80CE181C77F5725965602D461447B827C7EEE8FA22AE2"
"image\map\1077\objects\1076mapasset.fla"	"1014272"	"1C3D6E66F51918AC476BE005E67CBAB17EC9E9283478B04AB30ECEF80739B5CE"
"image\map\1077\objects\1076mapasset.swf"	"40615"	"E5E83A1FDD610A418B8745867D2B88776FF2A3351ECDB45A6D0589D0B2B993FA"
"image\map\1078\back.jpg"	"199002"	"EFB382EA0E1E81E9819AE8210E31DBDAD6B4288409D30C0D22DCB472BC5DB7AB"
"image\map\1078\fore.png"	"397467"	"1FA6501198EA818F87DD8544391D0BC09675B94D2042939BEDC384469FCECFC7"
"image\map\1078\icon.png"	"3334"	"CDBA50AE366A4EF1A530FE0597783E2F8FAF14419735F209308375AD6273A1EF"
"image\map\1078\samll_map.png"	"22257"	"F1CCBF86E8454688A62DE16EB9E9FB46DEA837D8E78E59BC7C7E888699ED0AAD"
"image\map\1078\samll_map_s.jpg"	"5905"	"6306B7E62EDDE608CAAE24D433A4AB6F2727FA2E901C149C62EF138D6AC06405"
"image\map\1079\back.jpg"	"162925"	"33C9EDF2BE91B686D2B2068350D834257716602E8C60CFFFF71D281E35916F7B"
"image\map\1079\fore.png"	"135104"	"8EA35EF24C9466F46739A52E6CD647F7795E964F983F45505B2B4842651B26B4"
"image\map\1079\icon.png"	"2779"	"30250B4D27740E58D63BD48CE42F2EE3E13E342CF9CE8170A4843669F12DDEA3"
"image\map\1079\samll_map.png"	"13194"	"68D2B1D67143E77899F94D34BAAAEBCF6AE353CBE9EC40CE1D4F15D2D60C309E"
"image\map\1079\samll_map_s.jpg"	"7240"	"2A871D31DDB3CA0A6F2AAB4FB1F2672FFEDF6A24ABA6F9EB028A03163EF7D73C"
"image\map\1080\back.jpg"	"120808"	"FB4425CFB9B8B6BEE9C0DF78C2156507521D58A1E732CCC9D07DF047F5B973A9"
"image\map\1080\fore.png"	"147481"	"35CC86F5295BE14E0B45E41B159E7F077AFF064F2A393AADCA401C84FE79FC63"
"image\map\1080\icon.png"	"2707"	"EC6B07DB49129E7A99608EA546F58D70D247CB1FB5F1628EE5DEF7FE815D5BFA"
"image\map\1080\samll_map.png"	"15979"	"DD78EFCB664CE59E40BEDC1818A5656D27237720C6A1262CF57A12A2FAC18278"
"image\map\1080\samll_map_s.jpg"	"7331"	"E6FD1217E5298B9827DE7C28FCF09BA4444FF151C9E00F1765CE674987F5F778"
"image\map\1081\back.jpg"	"147365"	"072D2A8E9B7640CBB8E508C847FBBBB945598190D6BC9770DF45EE9DA1509664"
"image\map\1081\dead.png"	"76670"	"FD94311897E326170923D0C59B3236D68490C30F1A28C34F7FCCF0452C7646E9"
"image\map\1081\fore.png"	"69989"	"D95085144D765ECAD6993E6B5B76A0E6AC6C783D27F0D06FCD3E635694566403"
"image\map\1081\icon.png"	"2990"	"E46C7AACBCD5A34D7BE047130FE9B61040888B1A1E007A8DC510A364053E49DF"
"image\map\1081\samll_map.png"	"13451"	"DA86CB4CC39E2CA3EA6175C411C5D23AAA7160644D534882A0D71A1722E67264"
"image\map\1081\samll_map_s.jpg"	"7197"	"2ECBD5AC941BBD663FB76EF8B25798CB9DAE16B160349E042817EFC6E2B6FF29"
"image\map\1082\back.jpg"	"35624"	"425144977B9CD2F63B844BD0B25B00499474ED619467B07F2F6A05C8B60E698C"
"image\map\1082\dead.png"	"108039"	"3785125A9438587087753A9480E8D2599AA94F7136CCB00FF3FAA8FE2BA90ECF"
"image\map\1082\icon.png"	"1225"	"661284B12423A1E9734F0CB24B1357DAC713226246F82FD57DBB637402F52909"
"image\map\1082\samll_map.png"	"46970"	"9A407A54430FA101BE37D611507CFDE8D138C1FEE6BE4C2D3B2498249F5E2818"
"image\map\1083\back.jpg"	"201880"	"EF1AC5FE9F715496567DC18628E97F7988C8534A25B3B6C8354BE70FE26B9B2A"
"image\map\1083\dead.png"	"210361"	"9849D2965C79873C3D10219AD74D78CDF33ED3A13781BF6CEBD57AFAAECBCA54"
"image\map\1083\icon.png"	"1482"	"CF902528CDD579C6B08EC8F62349FE5E68ECD16F2A79D5F69D62016C1BDCFBA1"
"image\map\1083\samll_map.png"	"17371"	"9B6DCF22A104F17206D2D52BA29BE1DD545470B29C89F9BB13B543C7B60B62F6"
"image\map\1084\back.jpg"	"57549"	"CC9DA01EC20882716CB78B876D128755295EDA2CC890BA84DCA7E4FCE54BDFC9"
"image\map\1084\dead.png"	"264538"	"05E74BC5B798ADCBD7849824F6AE6E3C6D5FD9F91A11FB5EB26304CBA7CBD0EE"
"image\map\1084\icon.png"	"1787"	"A207A25776CE4C8E157698C1F6AAEF481B1BA9C3347FC0E2E0F32EC6D0405311"
"image\map\1084\map.png"	"12042"	"64EF90E292586C49E16654FC5C4A130AD36C1D75749E4BFF13A5B2B390AD54DC"
"image\map\1084\preistachion 13 00324.jpg"	"24452"	"FE4D2C6CD0A207BDBF35BF8F043D48F4B0AC05184B1888AE433F456EEAE90B6C"
"image\map\1084\samll_map_s.jpg"	"3480"	"540B86236FADD78A02F540FE0148ED1AD5D57DB74774B8C000C5EAC953C3026D"
"image\map\1085\back.jpg"	"49611"	"0FF18B10B03F7CBF128FAFA18EF22B9FFF1D0537D3739082772D937D22D9BD1A"
"image\map\1085\dead.png"	"140709"	"F4D9DFBEF293EBC0AA0C63CA2D3CE382E12C09F0E2BBF8DCB7F84C60291970EF"
"image\map\1085\icon.png"	"4020"	"FE0B855B5BFC83FDD85957A66B735B70575B223E6D087D1BC9D60BA2211D4E20"
"image\map\1085\samll_map.png"	"46970"	"9A407A54430FA101BE37D611507CFDE8D138C1FEE6BE4C2D3B2498249F5E2818"
"image\map\1085\samll_map_s.jpg"	"4995"	"E1A0F1DCF017ED7F756556D94BA89B7DBB2C1713A2611059CF961F558F53ED68"
"image\map\1086\back.jpg"	"111640"	"E9D10A889FE6C623A038F53B6A2ECDE3BACD641D2FAB87D58B02A222ACEF32BD"
"image\map\1086\dead.png"	"118306"	"99AF973E6E163BBD81BA80C860A4A26B4A9B0B61708A144DA4A038FE6E5FCB80"
"image\map\1086\icon.png"	"1482"	"CF902528CDD579C6B08EC8F62349FE5E68ECD16F2A79D5F69D62016C1BDCFBA1"
"image\map\1086\object\asset.fla"	"243200"	"000B47388AAB4E8C69FFEE4AB961A3672303D9FB4A931F387FCE6F05F88C93C3"
"image\map\1086\object\asset.swf"	"40034"	"1B592D8DFADDBBEE5917D635E9A1C9663FA5A6FDF260875220FAAB5CC9983537"
"image\map\1087\back.jpg"	"117794"	"FA02AFC18A4B4E6F1A74570B42FEC52BF26FE01B7A5AE988AB17558223A53D23"
"image\map\1087\dead.png"	"119928"	"8CDE86EA48C521D74E9BD1151638A7E72CACEE7932ED288F5EC5C31BCF319443"
"image\map\1088\back.jpg"	"76516"	"0151D32E32317AF11DD11EDE5AA52CA2FCF36FFFA61FF512E5B3FACF2D33A41D"
"image\map\1088\dead.png"	"259844"	"92050BFEF418F2215C492101D15D3D1AC55A1720D796EAF28E4E09F57EE84D18"
"image\map\1089\back.jpg"	"115669"	"36BAD872CBB7A3FDCBC135A0E73AB2DEA5AFFD2EC81C0ACB162ABF94E4C5A682"
"image\map\1089\dead.jpg"	"794690"	"AB21FC2F69BB59FCEA4E35308C155CFEFF8B471D5D5ADE9BA97DE11D4B36C27E"
"image\map\1089\dead.png"	"200933"	"4AFB732ECC820D64EF45346366A2C13EDC07680D32D79A57469705FBC5526231"
"image\map\1089\fore.png"	"1526731"	"4CAF3BAB4D28EBEAE061A3280C9160E96C1F881BA595FFB8860A0551F4B36213"
"image\map\1089\guitarra-2820.jpg"	"137090"	"237CB1AAAEDD8DDD74285A071D8C62A866A394227AAFD14DF27A978446759472"
"image\map\1089\icon.png"	"1425"	"F081612CD7CC55CEBC25B6E938E48794011E8D20E058A0BD4CD6ED41B6504258"
"image\map\1089\samll_map.png"	"100518"	"611650F59B0BBF874FF669581F2EFB39E293B769110CB4E79DE27D0BD06B573A"
"image\map\1089\samll_map_s.jpg"	"24985"	"2A846C255D22F5F0514EEADFAD1A1C3235EBEFBC3E0E3FF60047ACB852790901"
"image\map\1089\wbstgbk.jpg"	"38849"	"4EBF7DA8F05694E9DBF671FEA7811613779616B853A28935C348CC59955C71DE"
"image\map\1090\back.jpg"	"142092"	"38A75DB3A20D0CD2A60C7098CE5317957B1F03EDF73A85D2C792A68E4750AA15"
"image\map\1090\dead.png"	"250304"	"AF799D3A52C39778EF9A87BBE74D4BCC977CB8A97323CBEB06B6A0F9E2691406"
"image\map\1090\icon.png"	"1674"	"27E625F557D6824435E6F9BA1A97FCF36F21ACC58EAB7EF1B4077E2801C79A73"
"image\map\1090\samll_map.png"	"19393"	"A27BA822872C6A8452C78A33FED26F66DECF672E32FFD7B046EFC7BFB4A25148"
"image\map\1091\back.jpg"	"72659"	"A051942E1DEE83E12D2FC38E816AFFC50205B4A08BE528858902630E586D1D47"
"image\map\1091\dead.png"	"107578"	"24BFFB6AFDAEA937DA10AF8CB62F38EE311A378980C8870FE90D4712A553DCD6"
"image\map\1091\icon.png"	"1006"	"3B9D33EAF467B0C86113A2D1D3D554523C06B00CC99F14EDF86B1CAF67EB7B9C"
"image\map\1091\samll_map.png"	"14712"	"5006AA4A849B51D08FBBB83F1D04CC8BEBF1E62628ADCDC926031A64EE4819A7"
"image\map\1092\back.jpg"	"114418"	"C842226DE910BD1AA1BF08376E69AE89D155453159A73A58CC855C7B10A42AB7"
"image\map\1092\dead.png"	"275873"	"B241B0C94B4B9CC424D3E8877650AC5877B8E21F17A7CD9B09C47E9CDE9CA90A"
"image\map\1092\icon.png"	"1321"	"46888909BBC5934148D5CF2737CA8E8B638DFEC05A4FAD39CB49DB468780A24D"
"image\map\1092\samll_map.png"	"18694"	"D7AA001B4BDC73939EAB1D6B738E2D01900CDFEC35B57C1C170C82B5F6E35925"
"image\map\1093\back.jpg"	"71665"	"A22CD4DF0952486A78C24CFFCF2917575054BBF38C3A1645BD3FF83DC3F88BD3"
"image\map\1093\dead.png"	"204054"	"3B67485FB847DC5E0AAAFEB32657CD9E8A1AC53F09BAA087EEEE4DAAAF832409"
"image\map\1093\icon.png"	"887"	"6B95B8C58CA6621EA0C4C1114E9FCBB2E10E69A861F3504B28C04CB6E6F87ACF"
"image\map\1093\samll_map.png"	"9005"	"B740C0FF32622EBDB4A2EE36C0ED4C31000C93340682305EBDB1078668D62ECC"
"image\map\1094\back.jpg"	"157178"	"A0553CF6F93D813CA1614C232DD5BC92244EBA5F37F2FDD21314ECD89FDB2AB5"
"image\map\1094\dead.png"	"259488"	"8C32797759CE5CFCF2C3F1042159857D0F1A0AEC0626E1C5E8E91DF59674B48F"
"image\map\1094\icon.png"	"1623"	"0AF610453E081F3C16F6E2A40DCBA5CCC33FA599330B41A61699EE3001EC4BFA"
"image\map\1094\samll_map.png"	"14362"	"E0BEACB03441A4A21ACD2B52060BBFDEFCFC7EF8D6593FD44E9BB4B64D0ADD16"
"image\map\1095\back.jpg"	"85166"	"E0334907D1EFA81DFD490F0A02ACCC4F4178C90E86FD64FF05BA101D1E75C666"
"image\map\1095\dead.png"	"134875"	"5255069DE29DC505A7AE9A39D28276239EC0A9C3B341A896080F94AA7AF5671B"
"image\map\1095\icon.png"	"1774"	"0B5E7F088CF88D7B063C46BB8414921E5702F5F6B869D7500075FF72D7717A11"
"image\map\1095\samll_map.png"	"66454"	"3BCF1F34B85037BC9CA08A026B9584F303139C9D631EC2002334CD6CD73893E7"
"image\map\1096\back.jpg"	"105815"	"399599B74D3474805ACA1012C29A465EA05788A0C0B86A6BBBBDE809606A0ECF"
"image\map\1096\dead.png"	"417811"	"A279583A1FEB647F23229DBE2AE077D1D152443DC3C6A47920F21F04F94373D0"
"image\map\1096\icon.png"	"936"	"E998195BD9339B67FDF6CB37F868AFA567F594E2AA14996996B36F6638AD22CF"
"image\map\1096\samll_map.png"	"60698"	"D3BF8D4638799B4BD312D8735C56FAE7427C3B2D56F0FEF7FC0019C0FE1E09C9"
"image\map\1097\back.jpg"	"79332"	"27F6F8D50FD5487EF45C8FF8A52EDADCF5556E6B4C8DEC71477629C90FB5273B"
"image\map\1097\dead.png"	"425564"	"7980039ECBFE48E71392150AEDFA4E37373E52890AAF31EDE119636E56BE75E6"
"image\map\1097\icon.png"	"1550"	"AA71508F04B0777DB27EEDD60718DA655944A414F06C8878D062C85FFADC7704"
"image\map\1097\samll_map.png"	"36931"	"F98E4EE45D80956CF6533CB9D3E8D0D6BFF72FD5BC2A9280B6755B017547D7BF"
"image\map\1098\back.jpg"	"111439"	"1C97A8635B592E2675ADF2E700AE3A9E7DD54ED914BEB6A1065857F984E27771"
"image\map\1098\dead.png"	"440996"	"62C7675C596216730D40E6F40F1BB19AD8E4E15193DD1E946BF6476D822E0F2B"
"image\map\1098\icon.png"	"1367"	"56B90D91498268F04AD68FF84583672B3762D2F4BF1DF27A2B8626DB856BEE73"
"image\map\1098\samll_map.png"	"58380"	"7A7604576B80D70FF936D0CF575566B26C3E2D002B0B5245A1A05B8439675581"
"image\map\1099\back.jpg"	"78259"	"DF3E9851EDD21493876957167756182FDAB016BC682F5CE2A77641F0590B20EE"
"image\map\1099\dead.png"	"373122"	"F35AC56F3BD307A5FAF0E553DAE24D10600BF406178BC1F03BCA5D8450AECB0C"
"image\map\1099\icon.png"	"2880"	"6D335538C45C533A029C48D31851940467D65A5200BD293E9D7F8CB5D97D7BDA"
"image\map\1099\samll_map.png"	"12687"	"6A20726C39FDC2FFF8C29DD98B022BFA641EA15094766BB9B2AADF05B9EBE109"
"image\map\1099\samll_map_s.jpg"	"4772"	"2A4B486CF531529C99B4283984D996CBFB66B2233C1BC59D6BAC3E152A9ECD1A"
"image\map\1100\back.jpg"	"156793"	"CAFA4964595D41541B82569EC696A438BB2FDDB050B112A258E49E7F1C64B030"
"image\map\1100\dead.png"	"368027"	"2C5EEE52210BF610662447400A9C462CD423F6ABC3D6E7014C70D6565060F7E8"
"image\map\1100\icon.png"	"1376"	"544B8BB9C32A8F53AC62E5D4461F63ECAE651044395B48C34E39654C4F334E81"
"image\map\1100\samll_map.png"	"18487"	"17F27674DFEF7B368B02DA473E6675425B31CCB601D53B8D278AC052E774A897"
"image\map\11001\back.jpg"	"62879"	"3D8D66DE642DF7D6C9114AEC102810616AF11B2E09165352B9018B9B12D39452"
"image\map\11001\dead.png"	"125223"	"5D479F7AFA9BDEFD7EDDA388E3AFF3AFCE829C1F82537E102178A8E661362B58"
"image\map\11002\back.jpg"	"65349"	"9056C6B685AAD08248B3A274053B7029AFC5E09DFE71CC55628312E2D385A005"
"image\map\11002\dead.png"	"185939"	"C9DF94B3C649F805AC961A0874B67E7CE5C75C034E0BDCF0D87BC481448EF168"
"image\map\11003\back.jpg"	"78320"	"E854D5D51228FE0FD9CD7DA9580E6CE71910502776D35BDBB18EED9FC04D02D5"
"image\map\11003\dead.png"	"103480"	"310F99CBD834D4B6B947294E5DED110AA2E5F61CBC0D47292548BDD14D36A8B8"
"image\map\11004\back.jpg"	"78320"	"E854D5D51228FE0FD9CD7DA9580E6CE71910502776D35BDBB18EED9FC04D02D5"
"image\map\11004\dead.png"	"129443"	"870550C098FD4AB4AB88C20E6CEBE6D78063C81C683F4525B43F3F3038DEF427"
"image\map\11005\back.jpg"	"64366"	"AA456F2541127DEA32F428E68B97573E8949D5CA99EDBB0FA40E23B0F6502A6B"
"image\map\11005\dead.png"	"124000"	"DC2E8F478B8C4187036C6366A7399A8CF7224D67B75D8A1E7C6C745F977770EA"
"image\map\11006\back.jpg"	"54295"	"A2CA8EB76964F947CDBD5FD4974C9CCD795195D87C91A9BDD1C1F0BBFF145073"
"image\map\11006\dead.png"	"165933"	"68C367E4C3E3F145D3C0C45283F4B43C03E86951FDFE7272C9A9B4D3B53BBE7B"
"image\map\11007\back.jpg"	"50301"	"A63FD1BE0450837D01DC5A55611DEF0CEF6A16CF10E0BE436C13CAE963E75FA4"
"image\map\11007\dead.png"	"161856"	"DD55F8943AA96678168AE6713C6CB97FDAE9057F3DDAA7FB1DA0BD6676728D3F"
"image\map\11008\back.jpg"	"81753"	"6208C2D904A0FBBE4A35BB7FDA04E8726D2107437F7EE06C48624EBE9BD98DEA"
"image\map\11008\dead.png"	"149476"	"C516884AA6E75A5D9EB29B4DDD56FCB3FACC5159612CB4D3C9AA55C566F4447E"
"image\map\11009\back.jpg"	"81886"	"34A1FAE18161CF52DC687297F2CF31B3DFFB6740ECEA7E345A68C36F4D4B27F0"
"image\map\11009\dead.png"	"159314"	"EA04F87EEC3A787CD5D13C6678BD534777C42C13F483393231AFF36696E4AF64"
"image\map\11009\icon.png"	"2607"	"7EF9B56DB340DBB99AB4BB757F24C090E1EFBF72200F3F0ED48CD8AAC34E445F"
"image\map\11009\samll_map.png"	"16049"	"67F65D81550D30514AFBBA710369E1DDCBD4EA08612B1EBFEA2775C2D10510BC"
"image\map\11009\samll_map_s.jpg"	"49597"	"7220F930ED86E17DBE592FD22001C7BAE0A510382A7675A3C1157A71DE997D78"
"image\map\11009\show.jpg"	"876042"	"A31AFFDBA54E88B371137AE57D532974F9479BB4ED7AD8C2F6AFA9032CFC40D0"
"image\map\11009\objects\1076mapasset.fla"	"1014272"	"1C3D6E66F51918AC476BE005E67CBAB17EC9E9283478B04AB30ECEF80739B5CE"
"image\map\11009\objects\1076mapasset.swf"	"40615"	"E5E83A1FDD610A418B8745867D2B88776FF2A3351ECDB45A6D0589D0B2B993FA"
"image\map\1101\back.jpg"	"68564"	"F23E3B1129582426D961276181EB3296148448F73443230B30E1A21E7F1308ED"
"image\map\1101\dead.png"	"208581"	"8D1D3E36232891EEAC7E00B2420E4E7BF97A64FD6C3AE2AC9BA19C62844E5810"
"image\map\1101\icon.png"	"1120"	"646C7A36A937E35B3220C2940617D34FC8DC0118EA842EFF273AC28725EBB684"
"image\map\1101\samll_map.png"	"15532"	"B370DE7357EF21007E3EBE3C764FECBD6F135BA4037D4862C1F296283196BE1D"
"image\map\11010\back.jpg"	"93288"	"8B0A31171A2CC17C33E919D66CE2EA3591DB64EC4F33C623D3930920CA1C8C51"
"image\map\11010\dead.png"	"62817"	"E2BCFB656B4786EF78429E55E3E2391ADACF66D3D63A30B82636FC74C1D0A66C"
"image\map\11011\back.jpg"	"83493"	"B212CDC29CF14CDD475B26BE5AB9203AFB11422B509A3878FF6195594BAC3CEE"
"image\map\11011\dead.png"	"100043"	"6DFC464A43FBCE5782F86957F469B2C4EDB60184452492197F5C370323BD469E"
"image\map\11012\back.jpg"	"83493"	"B212CDC29CF14CDD475B26BE5AB9203AFB11422B509A3878FF6195594BAC3CEE"
"image\map\11012\dead.png"	"97006"	"2F6D7D3294BFC4CB0CC2398F4C0B07E4C3500790DE0C3AB84C413796967A5A3F"
"image\map\11013\back.jpg"	"69297"	"59C731CB65930CC37C09A03A18CAE65B0FF904D14BEC9C61AE122FBF0C2667F7"
"image\map\11013\dead.png"	"129523"	"C8894EB75DCE41EFF72B174F82DA5C818361D0C3B30C3FFF7BED743BF9FFED3E"
"image\map\11014\back.jpg"	"69386"	"62D196BC3AF84D5085BF95C4409FD719A62844A39559AAADF70682F53A106C3B"
"image\map\11014\dead.png"	"175740"	"E25E57CBA9F225F5D7E25DEFB833E68F6F287A6A833AE5675CF5D8D230D4DCD1"
"image\map\11015\back.jpg"	"49872"	"E945AC9ACCC88637B1FB8EE5F9B940BA1A77ED0E120417EAAA336780CEB191F6"
"image\map\11015\dead.png"	"133189"	"7C22025D673E0AC5FBDAA640F613A748D5EB692C6E7C17DF0F9AFAF800507067"
"image\map\11016\back.jpg"	"74990"	"86E728F7FF745CB28709BD75508A878007B4960562594AF9EF8B4957001334F0"
"image\map\11016\dead.png"	"111554"	"220332EE6DA4C03522C2D2D7793E131C68883852C65CA9A86191CC629DFB7844"
"image\map\11016\show1.jpg"	"28209"	"CE55E4F72D324865C1A946424DCA8095DE6462FA5A9B3311FE8B634DAD86EF21"
"image\map\11017\back.jpg"	"74990"	"86E728F7FF745CB28709BD75508A878007B4960562594AF9EF8B4957001334F0"
"image\map\11017\dead.png"	"106332"	"722093FA13D93036E6481760C49F233536281652F0857A072B1577749ADCC3B7"
"image\map\11017\show1.jpg"	"28209"	"CE55E4F72D324865C1A946424DCA8095DE6462FA5A9B3311FE8B634DAD86EF21"
"image\map\11018\back.jpg"	"44601"	"B96319440ADBF9B5B05D15B29EADD5C0AAC4C19FB42589266D34D6C55492FB7E"
"image\map\11018\dead.png"	"90247"	"7FAD29918A83C1B8856B93A14085D9C849F8167EA12D5DB29AC7001F48C773DA"
"image\map\11018\show1.jpg"	"28209"	"CE55E4F72D324865C1A946424DCA8095DE6462FA5A9B3311FE8B634DAD86EF21"
"image\map\11019\back.jpg"	"44601"	"B96319440ADBF9B5B05D15B29EADD5C0AAC4C19FB42589266D34D6C55492FB7E"
"image\map\11019\dead.png"	"84994"	"EA56AD8485E0BF089661F18C701E5B2093F4375BB59C45BC941586AB533827DD"
"image\map\11019\show1.jpg"	"28209"	"CE55E4F72D324865C1A946424DCA8095DE6462FA5A9B3311FE8B634DAD86EF21"
"image\map\1102\back.jpg"	"94602"	"B4FFCE8445CFD24C54E9931D24E55FBEB82C2668233577214A80326BC0C59C2C"
"image\map\1102\dead.png"	"350443"	"6E31B3718DBDF8489E1E49977250E87989463741B207A469DA78B10936F98B92"
"image\map\1102\icon.png"	"1312"	"93F0CE5BB969B2E88B32AA900501E6BBFD9DCD46FDD2B70E130D10FFD1F1AB42"
"image\map\1102\samll_map.png"	"10779"	"6DA901B7C8E0E3E1948ABC74E1C580DD4DE02BE46EC986571C472DF156478A85"
"image\map\11020\back.jpg"	"43990"	"9AFF2150582D244018C2318FCA7BD102BAC8F557F90AF3708252497B3D24B7AC"
"image\map\11020\dead.png"	"91708"	"31786C8E8DF8014C7A2E1E6A0C56B3A123575EC68BFCB1C0C5C06535A08A83D2"
"image\map\11021\back.jpg"	"43990"	"9AFF2150582D244018C2318FCA7BD102BAC8F557F90AF3708252497B3D24B7AC"
"image\map\11021\dead.png"	"91095"	"4369DBF33F6B41ED7F035C2FA5610661CE2E3807F6170F67EDAC8B71370525CD"
"image\map\11022\back.jpg"	"43231"	"6300FED90355EC76D848FB8AAC062AA9E88DAEA1AE99E22527CB84C075FC4497"
"image\map\11022\dead.png"	"88770"	"3FABF54F32A876DBF7ABB64DFCD44D2BF7F5024543992C77FAF88202D53D3194"
"image\map\11022\fore.png"	"135750"	"F6766CDB284E56F7BC7A6DD66B6EF52150BB0954086DE40F0251404509593EDB"
"image\map\11023\back.jpg"	"32576"	"13FD8EE2EC1466CB76DBEDEBE7E744A704878E804A152BFC08D0AF64DB5BF66E"
"image\map\11023\dead.png"	"112909"	"8320CBF0A4ED1724B41D699245ADA5378879E8AAD5450F2D6E81BE66A4163626"
"image\map\11024\back.jpg"	"46715"	"2CE559783803EE5AC6AB901F0A7E48961A273C37EE950D5A6AAEC1B4A2493660"
"image\map\11024\dead.png"	"99961"	"61D08047A60FAD83CC238DAE7075CB381B703353D4D073639AD2FE6775F1D930"
"image\map\11025\back.jpg"	"50055"	"F2164A4E7F97BA2EE40C78B766F769B160BF6F0D8829FF71E7BE7C4872B3FA48"
"image\map\11025\dead.png"	"116169"	"A3B40A0E5C3A3FB2AEFBF2B429F4DE7FE0A72228BD68C1F2CFC1071DDD147B6D"
"image\map\11026\back.jpg"	"87045"	"510D9E483BCF8C43F41CCD2FF8C428C07DE39F0C9AEF9CB06FE02D30EE365226"
"image\map\11026\dead.png"	"126796"	"D8016AF1A100048D4FD932604737978BC98ADFF4B185A4DB412BC6A13B9642D9"
"image\map\11026\icon.png"	"3921"	"18EF3BB7E80EC4C8F697BE0C02609BCCC2B36951F338AADFCA6A8CBD7EAE95D1"
"image\map\11026\samll_map.png"	"19534"	"2890E811D331DFF92FDF4E3288AB33382FB6574B7335D8E0BFD745959A37097A"
"image\map\11026\samll_map_s.jpg"	"5519"	"652B255663E04293234DADE94E79882A759993844CBE2B4C847677EC85790C51"
"image\map\11026\show1.jpg"	"47574"	"8EB2C740458910EE08BC29C627DC5D39DAC0FCEBAE5DD64BA3570AA8BFD76A84"
"image\map\11026\show2.jpg"	"45563"	"D216B4144FBB5154C033E2D7718DE8BFD44769D56928E6170EB77CC9298669FB"
"image\map\11027\back.jpg"	"69019"	"E228B02E5DFBEB8D44EB230C74E46055596085C47B0AF83E5498992114B4DA84"
"image\map\11027\dead.png"	"132224"	"086368F2BBCF20BC0458047212C7BFDD93D75D1DEE018FF3772A0BB48C4E3E41"
"image\map\11027\icon.png"	"3654"	"10F41DBA2160ABF0E56DFD6E378E3DC10614EF6457019F0F52CB4C9A407DF72B"
"image\map\11027\samll_map.png"	"18763"	"06D3B62DD39AD107A036F2346F84F0E81C482912DF06ED1D66758C7EAAF375BD"
"image\map\11027\samll_map_s.jpg"	"6650"	"6EB6C2626081EB70CB6B0C12FC87035BA212F39D5F33BDA76BD2B3D30CFB1A95"
"image\map\11027\show.jpg"	"42036"	"DC7C2A5708522730B306CD61D9E90BED197895E2D0B3C6CF1DF41366348A3B50"
"image\map\11028\back.jpg"	"66880"	"E7C57CC041211B423CF50B88EB0FE659B433561FC7DACBBC1CB89425670411B0"
"image\map\11028\dead.png"	"115694"	"FF12F43F584851A0EFACF1BF331189655787A9CF9EF8D251B7FED8D6A7A96355"
"image\map\11029\back.jpg"	"93288"	"8B0A31171A2CC17C33E919D66CE2EA3591DB64EC4F33C623D3930920CA1C8C51"
"image\map\11029\dead.png"	"62817"	"E2BCFB656B4786EF78429E55E3E2391ADACF66D3D63A30B82636FC74C1D0A66C"
"image\map\1103\back.jpg"	"65575"	"4571DE4C45467CB1FE48B5399BFBEEC931D0E8C59FDED6FB50D6F7716B3A966A"
"image\map\1103\dead.png"	"395694"	"67BBF928C3DE627611C0B8F12A511209DC10B3C6F89138C3E2A89E1CAF82E499"
"image\map\1103\icon.png"	"1598"	"9B75D55FE5C7022929483B0A9B24BABD26DEB6965D7B7E0B7D456BB0A0A4CDBA"
"image\map\1103\samll_map.png"	"36368"	"EEE6F64C31F3F2982B899577C531856EBE4D501089429DA50B07C864507298C0"
"image\map\11030\back.jpg"	"46622"	"1BA7AEE4C1C4996A64B3F264C30E0016F62613BCE0BC1E9CED418FADE936C54F"
"image\map\11030\dead.png"	"128773"	"A7E34FBA52C18982E0C84FD5FF03340B07B9B87C3CE503ABDE780EBF7252E16E"
"image\map\11030\dead_2.png"	"128773"	"A7E34FBA52C18982E0C84FD5FF03340B07B9B87C3CE503ABDE780EBF7252E16E"
"image\map\11030\show4.jpg"	"27550"	"2435A87B6DAD03D9B00E5AFBE54F82F5BACCAED5571DC8BD58100C6303BCA831"
"image\map\11031\back.jpg"	"46622"	"1BA7AEE4C1C4996A64B3F264C30E0016F62613BCE0BC1E9CED418FADE936C54F"
"image\map\11031\dead.png"	"142416"	"29120E08B57A04EB76E422D947C748A957B01F6AE6409C6AB0419539F8BF0CB8"
"image\map\11032\back.jpg"	"92060"	"64967476B19CECF8B69F126A34CD700FFF79970BF60499D0A020A7222E598846"
"image\map\11032\dead.png"	"118814"	"23D2E678AAE6A63CFA75B195636CE39791A2C0EA1B9210EF05E724E4B083C71E"
"image\map\11033\back.jpg"	"92060"	"64967476B19CECF8B69F126A34CD700FFF79970BF60499D0A020A7222E598846"
"image\map\11033\dead.png"	"119496"	"16287F83351F0B83593CD1E8F54996454B1040A9862A6946A0A9296FB7A5BF5A"
"image\map\11033\samll_map.png"	"18969"	"35364596AA27828D66DBDACA4427FE76473EC49C533E13562765F14F7E3A0796"
"image\map\11034\back.jpg"	"59448"	"9DDD26889E05F490C5DD916226AABFDCF7B13BAC78B39B77ACD8DCA92FB727EC"
"image\map\11034\dead.png"	"113864"	"13C4A454AFB87730421E90CA1AD37D63430634C7E86C0C51FF0EC0908C8F5FF7"
"image\map\11035\back.jpg"	"56936"	"30C4F331A6812F7947F3C0401489177A276BD77FBC4B34F530073B35720389AF"
"image\map\11035\dead.png"	"104144"	"545EB9683075B85520DD60E4AD7E1B78139F5ACE0B025FE7F9846A07453DE779"
"image\map\11036\back.jpg"	"56936"	"30C4F331A6812F7947F3C0401489177A276BD77FBC4B34F530073B35720389AF"
"image\map\11036\dead.png"	"102508"	"7148D8CBE486819216BE1B68EFD4278D82D8143B445D95F870B331BC36CC7A32"
"image\map\11036\show4.jpg"	"27550"	"2435A87B6DAD03D9B00E5AFBE54F82F5BACCAED5571DC8BD58100C6303BCA831"
"image\map\11037\back.jpg"	"52436"	"0F54C04FED0FD776B14CC11A82F30A7BBC5B8C9AA0A459F8E13328922EA1CEA9"
"image\map\11037\dead.png"	"126310"	"F845458C5BFED9B491293FB8DF9975220084DCC6E6A66B9BDEA91BA94EAE795D"
"image\map\11038\back.jpg"	"64567"	"7A1FCD1A68F1099C8363BD21EE02C0FD9672CDA325E812A8AE163ED471A2C423"
"image\map\11038\dead.png"	"87291"	"9D335D555686F87463DF51464928C77DE1C104EB491343031515B482349322B2"
"image\map\11038\show1.jpg"	"28209"	"CE55E4F72D324865C1A946424DCA8095DE6462FA5A9B3311FE8B634DAD86EF21"
"image\map\11039\back.jpg"	"51539"	"957BF8DAD8196AB9729A9B67CD18B794EE33FC29D6199E0AFC223D5E953D4B40"
"image\map\11039\dead.png"	"154432"	"BA9B393F63AE094AA8A9ED370D891F57C66438F64E8D042FCC430A0E727FDC2A"
"image\map\1104\back.jpg"	"51554"	"31C9DB37D241245DB30BF309D630122D100EE9C3936A96CDA31285EFEF9ACC73"
"image\map\1104\dead.png"	"215297"	"3C57D4CFC864B86C97D9DD85F997265008C820114867696FC8A338D18905E7B3"
"image\map\1104\icon.png"	"1648"	"C91B48E719ACAF668B7DE8FBFD8D0AA348B3D6A758706AA79DD0959341A07773"
"image\map\1104\samll_map.png"	"15160"	"3DAA2A59A1758B89510693DF7A986CAA19121411ABE1104C7B5B73E6E01819AF"
"image\map\11040\back.jpg"	"51539"	"957BF8DAD8196AB9729A9B67CD18B794EE33FC29D6199E0AFC223D5E953D4B40"
"image\map\11040\dead.png"	"136016"	"0E10A8CABBAC20CB705CCAD8DF9007D8DAE12D57679975CF42BB5CCED5912088"
"image\map\11041\back.jpg"	"82489"	"39FC37369DD4D6C68FF532ED4C73456044669DE2088D50593572FDA279163716"
"image\map\11041\dead.png"	"134357"	"3BA7D22DAB47CD87ED2A87BB1868CDEF38DB934EFED86C47885335078F4B9FD8"
"image\map\11042\back.jpg"	"47891"	"173091653A8D47252F9008B1E6F2527CF5BB12366D57DF190E40753ACF7C0B6F"
"image\map\11042\dead.png"	"156509"	"84BE003380AC8B0190D8CE28F843558796954115DC85BDCEB2DF5FCA2372B763"
"image\map\11043\back.jpg"	"101301"	"F3D85D620BBE7711295A1DE72FBC5D47C9088D0368841BBF0CA9046A509C0348"
"image\map\11043\dead.png"	"133685"	"84D39A37763F2066463AAEF92A1EF60C05F619557BB0231350E08C164011C013"
"image\map\11044\back.jpg"	"101301"	"F3D85D620BBE7711295A1DE72FBC5D47C9088D0368841BBF0CA9046A509C0348"
"image\map\11044\dead.png"	"133685"	"84D39A37763F2066463AAEF92A1EF60C05F619557BB0231350E08C164011C013"
"image\map\11045\back.jpg"	"44601"	"B96319440ADBF9B5B05D15B29EADD5C0AAC4C19FB42589266D34D6C55492FB7E"
"image\map\11045\dead.png"	"96388"	"FF6816BAFF93F9834063D73991784967E7568DAC74E2808E72D5FFF13D95A49D"
"image\map\11046\back.jpg"	"34214"	"351917319BFC728993A3F4E501331BDAC30CC2B553DF0669AC247599CA41D8DE"
"image\map\11046\dead.png"	"112058"	"EB2E5CAF894436B76D048B94957AF3F1C7D2F4CE81BF11CE858A029F88A4F352"
"image\map\11046\show4.jpg"	"27550"	"2435A87B6DAD03D9B00E5AFBE54F82F5BACCAED5571DC8BD58100C6303BCA831"
"image\map\11047\back.jpg"	"32576"	"13FD8EE2EC1466CB76DBEDEBE7E744A704878E804A152BFC08D0AF64DB5BF66E"
"image\map\11047\dead.png"	"112909"	"8320CBF0A4ED1724B41D699245ADA5378879E8AAD5450F2D6E81BE66A4163626"
"image\map\11047\show4.jpg"	"27550"	"2435A87B6DAD03D9B00E5AFBE54F82F5BACCAED5571DC8BD58100C6303BCA831"
"image\map\11048\back.jpg"	"48695"	"BB8CFABD3261AE61CC4AF855783761784F3822CB40FCB0FEC82F9D14BCCDD7F9"
"image\map\11048\dead.png"	"146502"	"F8F190834EF5033C367405AE402499CC4240743EC78D919B9EA2A606037AC72C"
"image\map\11048\fore.png"	"146502"	"F8F190834EF5033C367405AE402499CC4240743EC78D919B9EA2A606037AC72C"
"image\map\1105\back.jpg"	"125622"	"6ECFB78F5E1F78430359835BA9BA629F0CC7CD3D27E3BBA4F6415B68C2341877"
"image\map\1105\dead.png"	"180639"	"43B2A20FD2DAE3AB1C9B4EB2BC960B30C69CE66E7343966F3E0897DD596D8DBF"
"image\map\1105\icon.png"	"1440"	"571D0E6690080286F9DB329AAD2BB33047B46F41BCC9F13DD90284F0210EF98C"
"image\map\1105\samll_map.png"	"11207"	"91CE78FFC621317FFAACF4A44DEA49EA9B222EAFC1A732F24B49ADFCF322300A"
"image\map\1106\back.jpg"	"92596"	"EA0B31B7E897E07EEDC17C696D36B84003704EFF587DF75A11F74491971DF726"
"image\map\1106\dead.png"	"182550"	"9C218EC4975C3E93B27316CDC474A77984D6AC0D40FC2788B7C6773AF30D1AA3"
"image\map\1107\back.jpg"	"95899"	"2BEE7F3D56371F68919D95EA9D730B1D17B090E60CD67D88B38E665D3FF46339"
"image\map\1107\dead.png"	"189407"	"9846A32F7A6AD686991E0A618AA9AB4C5A7CD23DAFFEF13B83B45A7737FC94A9"
"image\map\1108\back.jpg"	"73572"	"DB3E1A812941F55DAD5D6BC799C69858DC4DF05456473EBD45135E044FD0708D"
"image\map\1108\dead.png"	"127754"	"2621A0A86E56E6CB17330D89F7B5CBDA7C2E35F18AE416570DDFFF5A67538322"
"image\map\1109\back.jpg"	"145743"	"83B68C60E36AD241FDE744C908602448F008A7E0A27A0B974DAC24209660A953"
"image\map\1109\dead.png"	"235015"	"6F1D32ACCDDFCA6EBB736F58AF1BFDB246DDA901528978B720F2D413FE42AFEF"
"image\map\1110\back.jpg"	"95896"	"2EF7110441F2D367C5E69F5EDFF033A18B776464227C69BF99E4D3BEFD3FB007"
"image\map\1110\back.png"	"1629505"	"4254327AC2CF931C71331970C1B8E3B5C3DE50D119A5F84167374025CB04CCCC"
"image\map\1110\dead.png"	"307695"	"0B7350AAADFDE4987EC8B73B11212209DC2D4625CE979D56A4E79766EA9FD28D"
"image\map\1110\kyubi1.jpg"	"106726"	"D1C1524FCA53F4CEABCC98E5A4E243A64B58A0426C4FD2D8A566D0E75B20338C"
"image\map\1111\back.jpg"	"95444"	"EE09C6955A165218969F1D6E50DE4DB41657B5AB0C1B72029094F6719DE77D60"
"image\map\1111\dead.png"	"262360"	"5ACB8EBBDEE25B31341D61CA4125F6B43C5D31C8FE05CAAA7D16F6705BEB5DF6"
"image\map\1111\icon.png"	"1628"	"E761EA6D357580F2A102F31B6AF07924FA5EB2B3F71E28E40980A8E64709A8C4"
"image\map\1111\samll_map.png"	"12463"	"3B4223296EC85ECB9706566E913419A0DD4D1AC1664C9EAADE72C89EADA4B063"
"image\map\1112\back.jpg"	"62631"	"7413ACA1A75199C30EB56D0CAC72C2F425E44EEA2F655C0173D9116258F013C4"
"image\map\1112\dead.png"	"178890"	"9C009475133FED29E55AA1EBDC3853EA859EBCC5EE0FCBC44F1F92EBFDC1B679"
"image\map\1112\icon.png"	"1562"	"0B351661C94C8F54BE5F9355F87DAE02361C3C366F03C86B4E5D08C27B41E9D4"
"image\map\1112\samll_map.png"	"11829"	"C5B812C28EAF53E50EAF74DB973E6453EFC442894B08B6A59546D7F4FA50003D"
"image\map\1113\back.jpg"	"90383"	"FC74239C051A1CE66D5A00ECEE12CB94EBDF129FE6BFFA30317888A24E8AFF5F"
"image\map\1113\dead.png"	"358533"	"828015688B9D0434F13C1AD150C3A0B5F81A1D12A09FDCF541B51A8162123D6B"
"image\map\1113\icon.png"	"2895"	"1E86F97437C6FDB935A07618F7FEC8423F0D2450131C1794A2C654C32B874F95"
"image\map\1113\samll_map.png"	"11950"	"DB8F0BC855C727EA3D9863F9A2696856B3E601F820EEA0F0B9F928D5D9C77FC3"
"image\map\1113\samll_map_s.jpg"	"4789"	"DE5ED4EEFC186C4300A4C7AA2A9F2D1FB8A8ED99BFD877A42CE6E7CE37C1D4A0"
"image\map\1114\back.jpg"	"106158"	"FC91FB4174FCC6D5F287C7A80D8F7A57A6BE5049D9229B0B378CB18C3D9EDF42"
"image\map\1114\daed.png"	"144208"	"FCD79CD698501449282D472A107615FD6959554B0FC82944F9F91045C0C21584"
"image\map\1114\dead.png"	"144208"	"FCD79CD698501449282D472A107615FD6959554B0FC82944F9F91045C0C21584"
"image\map\1115\back.jpg"	"80091"	"B81BBBC4FF469C91A3F502B721A4C4876B4A3299251C48CA09FD93AE8137A91B"
"image\map\1115\dead.png"	"89741"	"41E1D78375185D1CF73F632C6C4F0ADE051924EAC18EFD3C9E47CDB9148E0918"
"image\map\1115\fore.png"	"123268"	"183E210B62FDACED10B35C0A183545ED85EDD0C388D1C50FC75C8909CDFCF85B"
"image\map\1115\icon.png"	"1607"	"1A1150BEBAC2BD3189C96866A1EA999AC686FBE3A51A7F5F449051E260FEA371"
"image\map\1115\samll_map.png"	"5665"	"13986007E0B11D2214ACB0CE238AB5428C29B7F59076B9415D27021ADF3F79B3"
"image\map\1116\back.jpg"	"98388"	"6CC4A2AC49070CD82853A9C7186C6456F3EAF8EF33F2DD421F56446964AA1031"
"image\map\1116\fore.png"	"266665"	"CCD0AD10C0311A7A7A805A9963F9852315365F24DAD02A8C2EE219E0BF38C704"
"image\map\1116\icon.png"	"1569"	"04147739FD8823ED764F795BB3A87507DDBFE43479CF6A1743C9C6D244AFD98F"
"image\map\1116\samll_map.png"	"18028"	"7D3A69A275709D50265911DE9CD6D5E6042F131CF340B37917380453E3E67066"
"image\map\1117\back.jpg"	"87276"	"CDB9B4C8BA6327A8C10469DA3C4AEE31E7A54F52CEC7CF4D8A39007435901288"
"image\map\1117\fore.png"	"247253"	"919A6E13DC786F4DEBF379A63CAF59E7C3E79E07B2C360FD26877B8A21AB08CD"
"image\map\1117\icon.png"	"1595"	"81110218BFA5865BB755CD0FB858ED07533FCA0CF3103BAFD82FC54E1E6DC72B"
"image\map\1117\samll_map.png"	"14467"	"C41303BDEE78D641D3230A730ADADAEE29E89004286A7D576B71572A3697545A"
"image\map\1118\back.jpg"	"93168"	"E1E315A61A026EC344C72EEF5F2E12D9E495429E6BF73E09250509F17181D675"
"image\map\1118\dead.png"	"137675"	"6EBE11B7D65A3BC366E23A68A7DF474F07A0B0BD4A3884DC4C8EF534981FD925"
"image\map\1118\icon.png"	"1413"	"EF03D0B669BDA4C822ED8667C5C9DEFCBFD4458B50399066E311C2B2CF17A880"
"image\map\1118\samll_map.png"	"14159"	"53EE87DE4937D27B2CEB6E8384C8AFFF145A8C95935DB5EF05EE653D48D69AB8"
"image\map\1118\object\asset.fla"	"504832"	"6B26AA7DF66FD3052F7A292A34BF6749DD538C0CF0D96BCF778132B1B824A8D7"
"image\map\1118\object\asset.swf"	"57881"	"7726EAD695817F345F0A7224319DEC80ED153A63678E7C1C57AF5FAE8734F0CD"
"image\map\1119\back.jpg"	"255621"	"0C4B169CB65FA29968236086303731874E0F32C8B1086C414943651105F70372"
"image\map\1119\fore.png"	"284610"	"EF0A7C4E5CF3028E5562DFF8F181416A0BB6D3F2A80E4489D9A37594F8816972"
"image\map\1119\icon.png"	"3032"	"A95472081A897BCD8DCB24CBF449E4E45E5BF88FE5A3D0C019FAF6184807C8EA"
"image\map\1119\samll_map.png"	"22019"	"6387E8C6374983B501989B1F9BB03A51096FD45117F2D47B817D006839C36718"
"image\map\1119\samll_map_s.jpg"	"5636"	"862B053B4A73A77BF682600CD109E0B530D6C3BAE9D9ABFA2E7C6D66885D36F8"
"image\map\1120\back.jpg"	"98776"	"E64C63496EEB22072B1425F3B2EDC3FB661664ADC5D2767B74B71A0BAF719955"
"image\map\1120\back.png"	"1422360"	"F96A66CD53E634964ED544F9FAAB84E3737C56F42C768ACC89DBBB2A66B827B9"
"image\map\1120\dead.png"	"83611"	"0D04D76F42CAAF1563E863F035DBCCCC012794B568BF9F8BD9D3E765600A4DC6"
"image\map\1120\icon.png"	"1298"	"8561FBBAF2808FEFA3BEFDBF777889BFE0B57C97345E521F984B932C08BDC713"
"image\map\1120\samll_map.png"	"15807"	"027D4C051F64F0C53FD9BDE8A3E6161C81C4473C26E93C2623D846F40132EC87"
"image\map\1120\show1.jpg"	"39539"	"A374D1FE9CADB00739C09C23D5E16BE615032DFF0A2ABE4EDFB1AAF5238D7DB8"
"image\map\1120\蚂蚁第二关.jpg"	"37124"	"9A8E09E1FB9FFECC9A0F64F0406A2DD138F24C995653A4279B7065F4E0675FFA"
"image\map\1121\back.jpg"	"34390"	"8C46C028928D9F423E5C5AE50D162A683810E5D8EE1F846B18E2CEB78F40E407"
"image\map\1121\dead.png"	"290515"	"4B400DF664F1A76E186DBDAC35E3A08F21628FC5599A73E795053D8084758C89"
"image\map\1121\icon.png"	"1374"	"3A20D3AF88C4C68FB8DD7D6F014104B038D3E8A9BA84EC901F0FDEA0EB81608F"
"image\map\1121\samll_map.png"	"12863"	"19A00ABAE3E5FC1110196CC1CB0EE5D5E7FC94B834E83CA3D04EB45F9F24C907"
"image\map\1121\show5.jpg"	"70240"	"1AC06EB7A205615AC4B2B588183ADD535B347F6E6027076C7BC583C984F83B49"
"image\map\1122\back.jpg"	"43049"	"1119D07329975A501FF2E18E335BC2A1ED1475AA73151F58760FAA06E1734B7E"
"image\map\1122\dead.png"	"161752"	"96C04CEBEE1769C4DEAF7AD813F3DC62BB28E4E751C8BA2535A473DA9BB0FA91"
"image\map\1122\icon.png"	"2619"	"933AB74BDF6749CF3D0D2493DA4F2E80214115D5F94B65DA0236CA992C878E48"
"image\map\1122\samll_map.png"	"15247"	"B49DC2849C2CC99C675CA7A7C48D1A881F64A1C706EA9B126D1F91B36F1D6D44"
"image\map\1122\samll_map_s.jpg"	"4760"	"45F5B267CDF4D2720D3E2136E316945AF50CEC7459103AB87C5017DBFB522A79"
"image\map\1123\back.jpg"	"36448"	"48D6578F939D78F744ACF1EA8CA7D388FC25C96FFD0D0BCE15CE18941BF2C7BF"
"image\map\1123\dead.png"	"263907"	"1971C4FD2A9B94014CE343386C9B8B529B59718D754329C6A6E53EA2DC77D786"
"image\map\1123\samll_map.png"	"17298"	"B136573D7964BE6A5FB3DE467C305F84E248C6F3E7C9A83EB07F1F58816ACBBF"
"image\map\1124\back.jpg"	"100707"	"DA55D05136AD35B88ED053ADE24E137C3E22F81255111E047573CAEB6B1492C6"
"image\map\1124\dead.png"	"171554"	"01A2E56E25341B41D5D978BA76BDA073CB9793A96BC51C3A86E47C6F55FD6E97"
"image\map\1124\samll_map.png"	"19298"	"2C9798C5CA77F6C21B27198A64ECE93E6515EA3BC1430AE8CE598496BF090DDD"
"image\map\1124\object\1124object.swf"	"13096"	"2ABF8814C10BFB0B40D112EBB292F88F3D69E9BC9BB11A0A4BDA4C47EFD0A605"
"image\map\1124\object\1124object2.swf"	"115131"	"4E62B6523610A895AA0ADCED679949AB52554FA0F34A6D79441038E4DD32567F"
"image\map\1124\object\1124object3.swf"	"17487"	"2F036B522049BE383EF28AAA65382EA5D8B0ABE31134F430AE621B1DC7A8931D"
"image\map\1125\back.jpg"	"73361"	"C6F58F387572807B4C3F6F7D6E7EF000AF6876D3C56194FDEB13D1DAB71E157F"
"image\map\1125\dead.png"	"204290"	"F103E186A4AE6C5F4FEE6C494C9DAAFF9F93DB396576E8B8CB86A060A7D7E3D4"
"image\map\1125\samll_map.png"	"15553"	"2A96B553C67FA004242EBDAD4E32A500F599AFFBB09BFCA778F2ED0FD5D127EA"
"image\map\11254\back.jpg"	"43481"	"50F828CF5A0880559D3DE12E609C0A325A63ECBC33F08233FFBF0215DD3F4839"
"image\map\11254\dead.png"	"110352"	"B1A3E3E7B91369E0BD6333495E895CAC1E6BD670C345D07864CA35CC658350B3"
"image\map\11255\back.jpg"	"45094"	"89EE632F14709A809718938221C4C9A006F6C5115C2FCA11B6ECB0F3E4A68C69"
"image\map\11255\dead.png"	"108502"	"17E2FB520406B2DACBEE0FF6560EE76936DF3FF0549D9DDDA8E258655717305F"
"image\map\11256\back.jpg"	"53656"	"F267D2755248E6597510F35405A98AB6854547816819F6543AF4F82D5955E6AF"
"image\map\11256\dead.png"	"258119"	"F4F0F9AE0C1279C836EEFA78E65A79A7A0532C9E0B72B411ADCA9D212ACC4DCB"
"image\map\11257\back.jpg"	"33203"	"E2A9C6748F47C47B12AC275DE2846FD866F8B9C240DCC016C044A9C5ED7044AE"
"image\map\11257\dead.png"	"134556"	"9C5FCEC2F81627916197D40262B1BD07ABD719920B5AEC3A0826FBB7535580FE"
"image\map\11258\back.jpg"	"46297"	"84BF4391CEAFF0FB466B30EB5E6491F0EEB583D490D0DD2E707F6C4DEBD3FA92"
"image\map\11258\dead.png"	"145760"	"2A88AF358787629F02DEFDF201B156D7EFD7917B11D60A40924C6AFF36650DBB"
"image\map\11259\back.jpg"	"32940"	"3AA3A3260C40015016AC2AF6E000F5EC059E0D57210E63693F6AE37E0005F262"
"image\map\11259\dead.png"	"95573"	"5A6470E5661B7A5F88A738DC92332A2281575BDDB782D0A667CFE9D2AB5DEBCB"
"image\map\1126\back.jpg"	"57234"	"87B9CA62A30D274A92137DBCB43CC2498847DCE362881E8843CD830E574C06F1"
"image\map\1126\dead.png"	"188474"	"DB8C0A51AF107B69016CB00EF4CD511F25A7923FA563448554B857E1945D928D"
"image\map\1126\samll_map.png"	"18310"	"14ED006DFEC992113A44B437B16E440051D4DE7EDA54516F82B6A3A8959C660D"
"image\map\1126\small_map.png"	"18310"	"14ED006DFEC992113A44B437B16E440051D4DE7EDA54516F82B6A3A8959C660D"
"image\map\1126\1126object\~1126object.fla"	"540160"	"F17FDE53DB95CA3301B2736E3A619D65C8205D46C56C9014AB2CC5BBE4F0CF92"
"image\map\1126\1126object\~1126object.flp"	"218"	"119CAB3B8D24E6206935B676906EC660FD74D2059736B2217A8BAEDC599D21EF"
"image\map\1126\1126object\game\assetmap\flame.as"	"373"	"2CC26AFFBAF41ADF511824F3994A8B45B974C91A6AAE13D06259C7DF04604EC7"
"image\map\1126\object\1126object.swf"	"89288"	"42D4E28CBF0CAC6D033E8AF0B482797782BB8468FCAF86B5EF3984BAE4F160E1"
"image\map\11260\back.jpg"	"57189"	"5F5F133979E5432019D35BC6AFDC7BD55F041EA0303DEE01A25BBF8372D1DC28"
"image\map\11260\dead.png"	"124399"	"7084D453BD289E75A530B0D3C2A2342E128A3EB2F699993C7FA3F7D178EACA13"
"image\map\11261\back.jpg"	"38596"	"94BA2488D77857E68CBBFE5D32FC5D29CFFAD22F750A84D5650C263FC79AD93C"
"image\map\11261\dead.png"	"161459"	"ADA0008F120D19F10559BFD95304479609512AD49F71103272C34A969F472A55"
"image\map\11262\back.jpg"	"49725"	"09FA55ABB8A718DA022B5257EA2076A96BC440F330D67CF6A1CD62AC3F5E7377"
"image\map\11262\dead.png"	"131825"	"A2E86E496CF3BEB521E22D2F72CE5DB4AB6133288D80D2B0753EBCBE38D03F45"
"image\map\11263\back.jpg"	"70929"	"A77F357195739269F15709E8861FC7199C6CE01FBFF5CB3A7571549585772647"
"image\map\11263\dead.png"	"95721"	"63F7B62F39431AB1A727F848D014613FA196B7B82565735692978D09ECB00A3E"
"image\map\11264\back.jpg"	"62406"	"799FA729737DCCD3FBCE923B046429A4C2A578873F04E47293925971BE396D54"
"image\map\11264\dead.png"	"122809"	"98983F36FB9D073B4221944B76F4F97622D780E6E5740E59F1C072E298FF787C"
"image\map\11265\back.jpg"	"45882"	"C85B842F14172C1E3A7FE6E3F15A51CC3AE12C91E7CFCF11211746FBC937E4DF"
"image\map\11265\dead.png"	"100841"	"D86AD4166837E4E72E6913AA5C3F8A431FC38FD0904040775A5DBCBC4B6C8998"
"image\map\1127\back.jpg"	"83640"	"05D634D7122A0D3C57855A1DEB43F2D0271A87F9A0EB30CB8CEBEB0B0758BD79"
"image\map\1127\fore.png"	"140579"	"4E32DC1FA38B98DEE147AFA63EF97EA8B73A8382B3A977D45B771D01A0FB639F"
"image\map\1127\icon.png"	"2299"	"68D0F82F7B2A460DC6AC0E5702FD976D078E14E48ABAAE202062DE1BED368EC6"
"image\map\1127\samll_map.png"	"13427"	"0FD648091F1469CA3EC60FCE85BF2AE918EFBBA6AC4346AF596E2CA051E6745C"
"image\map\1127\samll_map_s.jpg"	"4248"	"F62929A0E1F81B08E2B42C6EA6CF9B5CD7CAE787B85573F2A07454B9A6CA266D"
"image\map\1128\back.jpg"	"84630"	"9BD634E555D8BB28C851BC7C9375B74D6347FA1BB4FF3C47BFD109E5E8ECDB77"
"image\map\1128\dead.png"	"277615"	"C10687B674AB7FD78E09C13AA112F0DA44C67F4730C011DC8DBFAF9546379EFF"
"image\map\1128\fore.png"	"277615"	"C10687B674AB7FD78E09C13AA112F0DA44C67F4730C011DC8DBFAF9546379EFF"
"image\map\1128\icon.png"	"3500"	"FEDCC6E01021F191924F592B796AD559520DEEAF728D679FE856EF163E30E412"
"image\map\1128\samll_map.png"	"16972"	"FF25C81AB070A92B364253366AB550014D360DD6C302FEFF57880D55476DADC2"
"image\map\1128\samll_map_s.jpg"	"4782"	"0E95DB819A24B46320D9C1A2FB5B4629B8755AFEF4D18F2617DB4FB56F9C6786"
"image\map\1129\back.jpg"	"40739"	"C40CE563501326E6086642A7A4A9D3D0DED47DCE099CAE2AAAF84F3DE9F4F9B2"
"image\map\1129\dead.png"	"214334"	"5E7FFF03E9BA477A7156EA0C0323ACD4E87FDC908420853E8DCC7F7DC98AC32F"
"image\map\1129\icon.png"	"3022"	"4ACAD94EAF33AE80125A50556BDF220CE69DB698F2BF25D1F9C3AF9CE765BB4D"
"image\map\1129\samll_map.png"	"15008"	"7B54A34DB8C4711CA9C9D64EDB41C17D32F58F1288102598276FFCF5CAF237A9"
"image\map\1129\samll_map_s.jpg"	"8172"	"103D93002D971953AB2A52830CD659BE915DE1D6349DF57110E5F7F1D569BD06"
"image\map\1129\samll_map_s.png"	"15008"	"D2CF3626FC612EE531D12BE527AD81589398F400D689604B625E35064B3681F1"
"image\map\1129\show1.jpg"	"83170"	"F26BE20EE0BFE646D32EE291B9C307C776A02A4F337FBB28F7E038A7D57917A2"
"image\map\1130\back.jpg"	"50700"	"D10B80CDB2B578C923FAEFA2DE0781B4751B3464338D81A4A89177D980CB38BA"
"image\map\1130\dead.png"	"128257"	"CCED92F56DFA0A51DA0CD5310BE4DDBB88E1DB62FF1853FB128CB591A0DB394F"
"image\map\1131\back.jpg"	"70252"	"42D42FFFA56A99A8153D446467C71F559937C774D12473907149A6825DF39590"
"image\map\1131\dead.png"	"123915"	"1538D1634EBC6DA7B5814AB924CFBAE5A87633787D830A4B9CF1C748EB94EC6F"
"image\map\1132\back.jpg"	"50313"	"03B608CF63BFCF987559C8F2D15ACF04ABA585E5601D059586858B8A1E77F784"
"image\map\1132\dead.png"	"195234"	"B5576E577B940188AAF9596AE0A80658B4938B8F7249A2E4501C8D07F3135655"
"image\map\1132\icon.png"	"4046"	"304FBCB1FE4D94E6519B3E715C0EE44709C8B4DEBCD0CB75C3E749D583E8639F"
"image\map\1132\samll_map.png"	"18187"	"041AE862E31AE86549D51B5AF62D5FFB41316B8361CD69D1058DD77A0AF78EA7"
"image\map\1132\samll_map_s.jpg"	"7814"	"4D9553670068442FC0A1C93B8FE1340A83834EBF4C4C1F73E9FB56C27A8D4985"
"image\map\1132\samll_map_s.png"	"17303"	"0C4B98F456F54F218F294E19A9A305324316508EB4ED34D5D6BBE6EB0AB93DE5"
"image\map\1132\show1.jpg"	"82704"	"EC7A1744BBAA0D1761562E39066CD5A7D444D0C0F095A4BD4DE7D4B77DF83DA2"
"image\map\1133\back.jpg"	"40389"	"DE427AB6C75BC05C65DEE434993495120406F523BAAD30860AC5D6C4A04E82C8"
"image\map\1133\dead.png"	"159504"	"370466CEF21FC4C1C30D875B25631B84D519229445BCA4DB743DCA75A0E420DE"
"image\map\1133\icon.png"	"4878"	"D43E1ADAE6D52455015BE979B4C2AA50D287ECE0F07F0681437BD443D243E45D"
"image\map\1133\samll_map.png"	"19778"	"41AD949CABA8C71995B5971BFBBAFA51D42AA3766742359836ACA866A83F252B"
"image\map\1133\show.jpg"	"52369"	"8E0A3645483C77666B23732C852FC245C7C100918B7C83FEFF019CE58B5CC3A9"
"image\map\1134\back.jpg"	"87552"	"73549A021C31CAD2B33F2808E3FCC9838E75F5394287CC715353863381D389EB"
"image\map\1134\dead.png"	"365301"	"91DB24E4272D9077145AA05C4922CC3C09607241BD93B4AA5484576A69CC932A"
"image\map\1134\icon.png"	"2185"	"0BC7CB2A207FE9B38BABDEBDD97B2797F790C78E23A06416ED6B5101AB983A4F"
"image\map\1134\show.jpg"	"48982"	"F470DCD5E8054FD14C2438BC8D51326A9C3E09CB9323E1D08ABD6B7D372CD5FA"
"image\map\1135\back.jpg"	"87552"	"73549A021C31CAD2B33F2808E3FCC9838E75F5394287CC715353863381D389EB"
"image\map\1135\dead.png"	"278870"	"3A05B010395A719ADF95AA89C9024EE9D25613C83234776913B9DBC90CF44864"
"image\map\1136\back.jpg"	"38995"	"363CD02B2271D2565DD267E435C97CDA9B572C68E72B2704347539E36DDCFAF4"
"image\map\1136\dead.png"	"126043"	"F0EBAA8B4C05309E67358B2C487D858DDA2D91EC5A87BBB48A0354FD37562278"
"image\map\1137\back.jpg"	"87552"	"73549A021C31CAD2B33F2808E3FCC9838E75F5394287CC715353863381D389EB"
"image\map\1137\dead.png"	"261027"	"316F31942D7A9ACE764DF8791455A2781D357DC0FD062695F3D2318E270BD1BC"
"image\map\1138\back.jpg"	"57730"	"8FC4A6EEBD5E968D758DFAB20F3475502A6E515C13834A57866F244B939A0DFE"
"image\map\1138\dead.png"	"99361"	"4C479B103F181638BB08BD1C1248E53D81FC56682515BB6EAC9388D318623EB7"
"image\map\1141\back.jpg"	"100707"	"DA55D05136AD35B88ED053ADE24E137C3E22F81255111E047573CAEB6B1492C6"
"image\map\1141\dead.png"	"171554"	"01A2E56E25341B41D5D978BA76BDA073CB9793A96BC51C3A86E47C6F55FD6E97"
"image\map\1141\samll_map.png"	"19298"	"2C9798C5CA77F6C21B27198A64ECE93E6515EA3BC1430AE8CE598496BF090DDD"
"image\map\1142\back.jpg"	"114589"	"82534308A2B66219B1F0D7561D7D9E1E3D5BD6248684F27ECBEB460DD86365F5"
"image\map\1142\dead.png"	"253388"	"4FCDF51A42C253C6A83DC8F5F00191F7E031C038EC68F1ACA633325598D86D29"
"image\map\1143\back.jpg"	"98894"	"7209B87E644FC5B4141A6C747D6EE1351FAA9B8CB20CB16F9184678430F786B7"
"image\map\1143\dead.png"	"191143"	"661B42E2D087A6C2B50D64FCA3D03956EEB83C6B83A4FD8569F89ABEE111EC39"
"image\map\1144\back.jpg"	"124023"	"49765E137AF8AB80B313A78B81C5F369078B1344314D399CD9D0BDECA842E7EB"
"image\map\1144\dead.png"	"173871"	"EE61EDDB42DE68870E165CDDD48BB95B9C1343F2839A59171B67D0D08B58AAE6"
"image\map\1145\back.jpg"	"114175"	"D4A77D82CD34556AB9B21D996CE078701D6997BC6899AB54FF12B677AEFB76B7"
"image\map\1145\fore.png"	"329517"	"757FFC4A9364B11C610B7C7883539A350AF32CA136766A93EDE82C61869F7CB1"
"image\map\1145\icon.png"	"2990"	"C22659C4F10A27845FC7C2CF9D098289F7A97757DFEE13E1E42D5E29825F527F"
"image\map\1145\samll_map.png"	"20559"	"4C678B1E006B6739FFA4673CE5E87F99DE60459DAA0AB7A8993C4D7B85F8A4E5"
"image\map\1145\samll_map_s.jpg"	"5022"	"BAA0CBCAD38AB5391C976A02496431EEBD521231C9F9ABFC4EB8BA8FCE7CB8E8"
"image\map\1146\back.jpg"	"61513"	"10FEE34D8009CD8E0C40DC412F23016DD6DD13CA4E4A74D558CD8D1043701616"
"image\map\1146\dead.png"	"112058"	"EB2E5CAF894436B76D048B94957AF3F1C7D2F4CE81BF11CE858A029F88A4F352"
"image\map\1146\fore.png"	"173221"	"2644BCF97CDEEB83AD263B992E741DA21EBAFDBABD6825C9208EEFB13893F447"
"image\map\1146\icon.png"	"2942"	"2D3C5759407A0CD5D21DE98D30CC6543ACA257823C45DCCA472C22A5989217AF"
"image\map\1146\samll_map.png"	"9182"	"4AD00DDFCA2029DEEAB1FF1471CF0F2F73A48C96C3DDD32B6EEFDC67D3D71ED7"
"image\map\1146\samll_map_s.jpg"	"3869"	"76A4ABCEEADC8B6F478446BB0895F9E95C8C0E1812A3BCF567D0E2312365643C"
"image\map\1147\back.jpg"	"139412"	"53B814D8031432F581D5024CBB1F92A8674769982D6638D1251A031924BCCFFD"
"image\map\1147\dead.png"	"112909"	"8320CBF0A4ED1724B41D699245ADA5378879E8AAD5450F2D6E81BE66A4163626"
"image\map\1147\fore.png"	"537746"	"EDACF83AD5BED1B8A665422FE630A596D9CA4E35D17ADC7E0C401ED9A5A521B0"
"image\map\1147\icon.png"	"2686"	"FDF80B103A0C5FE91611D1105CB4DBADAEF0A4F12C5F628E63BC916D347511A9"
"image\map\1147\samll_map.png"	"20169"	"595F4306F4EBB2DF9F83905400FD78FD5C21C0884FF5D62F5220ADBA8C9B1403"
"image\map\1147\samll_map_s.jpg"	"4597"	"8E16EC386776411042AFA337047353F331CE565D084C9A7D4359B5CE8CD7D8F9"
"image\map\1148\back.jpg"	"86507"	"C0126B0D738E7C3D6736EE55038FEBCC6B1E4CE11230391C321BECC9BE2711DC"
"image\map\1148\fore.png"	"321247"	"53233214E6F1FA69FC9C6849B5B644516CE20BC6E1F4DF285A60D9093F3CD47E"
"image\map\1148\icon.png"	"2692"	"8897A26FF7DAAEF89922E0E0E33D0FA4014E7900ECC38887A3BFA6F75A75DE51"
"image\map\1148\samll_map.png"	"18174"	"61C2FD917E809B3480C86D47F2EE5AD53414B5B6E41F3565447B8FE56F8AA107"
"image\map\1148\samll_map_s.jpg"	"5140"	"AA134D2B2CBFD89F9F11B01913267DE5C3103EF8A3EDE1763E016A6B0B5FA1D6"
"image\map\1149\back.jpg"	"114591"	"F2BB25BADC8B219A7CE378FF9C974350A4A1A5B5C4C97CCD1FEAAF4D697B9A8F"
"image\map\1149\fore.png"	"490953"	"535C025252ECF044B0F494623C8CBEF671D3ED3C52E1AEAC6B3EC8E70FDD364D"
"image\map\1149\icon.png"	"2844"	"4674EC05D5B063C8324D9460C5B36AAF9E1BA2382ED52FC9A8D79B87292A8BB6"
"image\map\1149\samll_map.png"	"11617"	"F532F56138D0F3DE632057C04B0C977275E1088CAAEB47DD820A7358C9CDCDA2"
"image\map\1149\samll_map_s.jpg"	"3905"	"E2B224B6C1720B977C2A434A8B5EF2A42E499A010FA14872A9C5E7352E6F22DD"
"image\map\1150\back.jpg"	"57397"	"9CB2FF3A212B1619D95142D1112A24087D21EF19831D0117B2DF90D97177205F"
"image\map\1150\fore.png"	"243390"	"F3E7EEE19C4447DDBAF66E45FC5086F2FF637A3A5AB5681415521B622DDE4A7A"
"image\map\1150\icon.png"	"2323"	"84F4E041C84AFDB1DE22F17DA7471BA1C38BDDA849455CBE1A98CED5BE45DC0C"
"image\map\1150\samll_map.png"	"8701"	"F7A15527574AD670C8CC17EB60E828EEA71CDCDFBC3A6509B0212AFD17F036A3"
"image\map\1150\samll_map_s.jpg"	"3585"	"A44CAB00B5C580A67BE03C4EA6A28A55873E591011DCE88C9D3C9FA126478887"
"image\map\1151\back.jpg"	"121895"	"38562ED44CE0F935AB1DF04DC0789F1C951FFB60464776464A17E041FBB55A91"
"image\map\1151\dead.png"	"271247"	"C1515452C88F1956DB887376BFFFF9FD112A3D4A2188419D183BC5258DF7234C"
"image\map\1151\samll_map.png"	"25049"	"63185A829A047E5070BC62ABFF682A49EE214AF73CC437A8752AEC1BD8446151"
"image\map\1151\objects\1151mapasset.swf"	"80805"	"2DA23588E302D09FEC46ED17C0DF0AD25806D64604B46C394116E3788F709216"
"image\map\1151\objects\1151mapasset2.swf"	"77240"	"F1031DFFBD9976EC00BDF441093389E2C4E18F54E9C0399B664BFB983AE2A69C"
"image\map\1152\back.jpg"	"183744"	"F729C5BC268628050C135F9091E4CE96BAA36F717B1AFD174B9DBA2C98F4D309"
"image\map\1152\dead.png"	"233205"	"00603CA758A341946518C61DCF38BFAFB11CB9005153808B25A99C69386EE89B"
"image\map\1152\objects\waveasset_01_right.swf"	"77163"	"6C1A46ABB3EA6F28C3D8304AADEC26932A0457C40411029A9ABC1B5797A52AB0"
"image\map\1153\back.jpg"	"149453"	"6F0552FCA9E6C7F1BB36F42208EA909AE706D405650022924C748A0289E22BB1"
"image\map\1153\dead.png"	"158098"	"6F1C47E986BA65C10ED3082CDCF290F4623CB8BF8BA996928108AD5C6FFCB40C"
"image\map\1154\back.jpg"	"80058"	"1AF57E541D0D73755E99AD5E7885AF0506FFF5212F95743BD2F233EECA43E2A2"
"image\map\1154\dead.png"	"151402"	"8461729E76FAAE24E410415C09E6600198D9E4F025B30468944955D100FA9C5A"
"image\map\1155\back.jpg"	"86155"	"79D9C155CD585021378EEC421CE6BDB6FBEDACE0B4D9C8E65DFE9FFA50890220"
"image\map\1155\dead.png"	"89361"	"A876D169BF8592F228459E97B92BF80C93F8BC97BFAB26D6757654F67748EE24"
"image\map\1155\fore.png"	"262723"	"A0FDF7BD2AFCA85893393993970AF160120F73433FC998671B19B90909A493CD"
"image\map\1155\icon.png"	"2034"	"F5E3B6B9CA5A1E88ED00A0BBA9C3238973605BF9798CA6163B7E53B642C1F0DD"
"image\map\1155\samll_map.png"	"14355"	"FF84E31FAC7B1BFA63D7433A4D66BCF5F610340FE87DDAE57A4775C4D358D63A"
"image\map\1155\samll_map_s.jpg"	"3542"	"BE3EDE8E60B8F35E6BA378A8E4BBA1619373FDB2156F13B286D0B6EE14525FD6"
"image\map\1156\back.jpg"	"166738"	"B9F75016AAD7AD835BAB92713F8293628251A9D2D02C48523CD2951D76C6A72A"
"image\map\1156\fore.png"	"237375"	"915A7BB3AB1D960FBD8DF0F19D180EC6B2FF23FA815EEAEACE3DC1E0DA9674E9"
"image\map\1156\icon.png"	"2138"	"0A811219479A9EA8362418075D47EE382DB1F11CBE08FD3CA5CDD36691138926"
"image\map\1156\samll_map.png"	"20736"	"3BDC5D3435DBF38D1382E33454C0E11354E2FE802DA9BECEBA9BF98035A70391"
"image\map\1156\samll_map_s.jpg"	"4968"	"489D162401A5EA628ECE53908D0D488F9D2703C2717A25069C32A6D77E8DE08D"
"image\map\1157\back.jpg"	"185083"	"8097A59B3E93DCEA956EA0B5EE1DDC016A1FB8653FC5AFCF5C5CC27EF23DFA7C"
"image\map\1157\fore.png"	"634671"	"FCFAB01E4026D5DBDE7AFB4675E7C9DE6A8E998F2A1699F160ECC959930596D7"
"image\map\1157\icon.png"	"2740"	"552A190EC1515FA9DE106D77C1A476F9BC42EA8E0570D87E9918BCFF559C1CEF"
"image\map\1157\samll_map.png"	"19653"	"FD999E8A2AF6666290D3696246FD28B57719165B628ADB5D9A74D629D6F600FF"
"image\map\1157\samll_map_s.jpg"	"5405"	"3A350CCD872CBC7AB2F8AEE8C30AFEFC6E7295EEAE4F00725FB9D6AB59FC18E1"
"image\map\1158\back.jpg"	"153570"	"CED450BF3C83EA37995C047B7F1A23137670FBB0403B4063C2347F7A818FA62D"
"image\map\1158\fore.png"	"357672"	"E85229AD2D2929434E9B1028AEBB469CA567811F7CBAB93F88877FE3A5A41D74"
"image\map\1158\icon.png"	"2612"	"A0DA71C737C547B5F8C09D6869D5C34BEC11DFA967D3B8F0A35A9778C4874332"
"image\map\1158\samll_map.png"	"18431"	"3BAE1F3E2C3724275D9FB3C67EB724F9E3A01CCE2E84C5939F53B46BE2607FEB"
"image\map\1158\samll_map_s.jpg"	"6083"	"BC7B9631BE7F4536D88699314B675DAF808B5E2EA34A185911B15743122C015F"
"image\map\1159\back.jpg"	"166243"	"5CCB5F51A7DBBCC67662A453EDD94C21AA0D56B027D9C504EAEA43E023E64BF2"
"image\map\1159\fore.png"	"259958"	"23D6D98CA26E407711233CA5C1A3BCDD0FD912EC0DE7584B7553FB5C3A22F9D8"
"image\map\1159\icon.png"	"2945"	"E6BDB05A3789296F32A86F806F3B4BC6E5BD6B1F283BD7E4B5523219918EBECE"
"image\map\1159\samll_map.png"	"18188"	"159F15A0E33B0DAA6B3A55E255DB9D63776C3DB866900E739D908ABB860F82B5"
"image\map\1159\samll_map_s.jpg"	"4901"	"EF27D735EFE22B25E4714D79A9F52F33EF56A075436C7023B969BE2883CFB72D"
"image\map\1159\samll_map_s.png"	"7086"	"6D35153C6C893713A2C5229D460C85B9914E590917BA977458A6FC94032B0023"
"image\map\1160\back.jpg"	"184159"	"E48C46C683E9522812DAE0967D92E8C54216D831D5FAEE7A10BEAA153FBCCB2F"
"image\map\1160\fore.png"	"568215"	"5FEEF524010576DF6CEED4975DB9C61E2B5922636EA71B6311F30A9E55D8A67F"
"image\map\1160\icon.png"	"2376"	"06951C2ECF940BE76BF5BBBBA14FCA20F759FE1FE7F23C560361E582B93CD6B2"
"image\map\1160\samll_map.png"	"20330"	"B25E6232A27F1A904956EB1F9ABD0382601F3963816457BDAD1E8F2599EFE6B0"
"image\map\1160\samll_map_s.jpg"	"4906"	"3EBE25124214206D3C48369AC8E36AC990061CE752758461B4AB04BD30DABDED"
"image\map\1160\samll_map_s.png"	"6890"	"579D33B2FA322FF42FDAEFA5945D36E09E0C66888348BA97105817357F5F0160"
"image\map\1161\back.jpg"	"191734"	"2FA820E1E965E8A3F8F30E29505D974416D1943B94642A54DEB1D869541C2A37"
"image\map\1161\back1.jpg"	"181552"	"FCBE44F4378752C59EA3D55E13E2CD962A87A6F5564A7F1E78DD65BD13C71AB2"
"image\map\1161\dead.map"	"332208"	"66F65D845758B2E431EAF34F4C2B685AD01B42AB1168C21A7C5E0FEACBDABF85"
"image\map\1161\dead.png"	"226162"	"EF7600E6E623319BE213029C339790E379A0265CC37DB377017B0F00BE48888F"
"image\map\1162\back.jpg"	"212585"	"766FDB6BD30892D34AE4DC1B2E115C9286953526CFE4571DE3D51DBE13B01B44"
"image\map\1162\dead.png"	"230843"	"54C9FEA59C23E3E6E53BD57924775FD6245E8F5198A2CE18C2C5E698BAE7F02F"
"image\map\1163\back.jpg"	"180447"	"3AF69C49423A32E177F888FBF88EB593DA53A8897E32E4273F386C3557C4111E"
"image\map\1163\dead.png"	"185844"	"632BC650E7BE3970B98E097DD032E2E1C586EA0BB9EE6395D1F55C538DD75B3B"
"image\map\1164\back.jpg"	"192820"	"3F52CE479939BC951AF1E1B5AA8E8597C411366767523A8B991B7C9EA1D13828"
"image\map\1164\dead.png"	"179895"	"1A6427CC824D8C30ED825ADC99D2131B74F64FC63490C32B7389C4AB9447BC90"
"image\map\1164\icon.png"	"7815"	"BC126D243703B174486B367643085A267D12B8AAFD84BBD31320EAF9BF2F1933"
"image\map\1164\samll_map.png"	"15306"	"B9873A954738DB31CE1B93FAD6B9D8F6B2986F05F44EA462CE54ED1CF5DA9096"
"image\map\1164\samll_map_s.jpg"	"23083"	"53A931737F0EF93B5C3748AAFDBAF4BDCFD5BF4AE0E252E8B0FFA54239306914"
"image\map\1164\show1.jpg"	"124404"	"A8A2C062FA9C34C52BDBBFFE3B10EB24232FC6C2C5B967454EC96455A2AE1891"
"image\map\1164\show2.jpg"	"113630"	"D92C7E50AC0A69B93DEF9B6ECC05C5CFD931FAEF77A5A657A15FD2F66B46A7B5"
"image\map\1164\show3.jpg"	"125630"	"DF6073257227E207FB5937279DA302E7DE759327BEB9127DDA269D23D5860FAC"
"image\map\1164\show4.jpg"	"123734"	"B87E5C2E19615FDA2B908CB6A0DB0AEB1EFE1D21D1EAE9FBD6E3CFE2B5786616"
"image\map\1164\show5.jpg"	"124167"	"DD9C7B3871E974E70418B3F398A19378747328D8F5706FD4ED6619335DB79760"
"image\map\1165\back.jpg"	"167172"	"8EB8273939ADDD49D93A8F8BAEB1EAA817E1A98629F13ED5ACC69A0E29914198"
"image\map\1165\dead.png"	"52968"	"83179706C4879F4556999C5ADCE1EA0F42624D2BC807C95614B0DF8FF30F4707"
"image\map\1166\back.jpg"	"167172"	"8EB8273939ADDD49D93A8F8BAEB1EAA817E1A98629F13ED5ACC69A0E29914198"
"image\map\1166\dead.png"	"126125"	"79221D628FD8061712E46397208883C8A1E40F0B11F8EE06B3B0F41251BB59BC"
"image\map\1167\back.jpg"	"160589"	"9EAC17F72EC18574D5F74A4E814E9F9217168A6309D28D6026658A8CFBBE38EB"
"image\map\1167\dead.png"	"137799"	"04641668A7999FA63079E692CBA75B4AB5CE76CEDE2ACA8A8B33B2392B3B1BE7"
"image\map\1168\back.jpg"	"160589"	"9EAC17F72EC18574D5F74A4E814E9F9217168A6309D28D6026658A8CFBBE38EB"
"image\map\1168\dead.png"	"137799"	"04641668A7999FA63079E692CBA75B4AB5CE76CEDE2ACA8A8B33B2392B3B1BE7"
"image\map\1169\back.jpg"	"66636"	"EA35B897366B603CA35E51F0B0880B0001F76F5E7E14AC1EE624251F330DAF35"
"image\map\1169\dead.png"	"140032"	"539042A0A3D254B041693D875F6E1CE2B43B4681C971C16A8306AD948B28EDA4"
"image\map\1169\fore.png"	"58497"	"615EC8B521E1A29F5F8D0807535A9A480AC0FF13FC003BB23C1992053AD2F685"
"image\map\1169\icon.png"	"3170"	"7A698A79A2A964D90EBE49883BFE5093845BD87A33D7C3D4BC6709F882BB002C"
"image\map\1169\samll_map.png"	"14159"	"53EE87DE4937D27B2CEB6E8384C8AFFF145A8C95935DB5EF05EE653D48D69AB8"
"image\map\1169\samll_map_s.jpg"	"8282"	"80F7A5A95B6CEFFAB817F10EC9F96CC724A9D773DE99F3A2511328FF595EA024"
"image\map\1169\samll_map_s.png"	"3191"	"5245D1F556BD23F3E0FBB14E25874D15C51CEA04F60CE78B2A33EF9496B1CF5B"
"image\map\1170\back.jpg"	"117491"	"EB57CA33AAC57CECFD125D18D90854B98895F6613AE3A279E3D377BDB2671098"
"image\map\1170\dead.png"	"92732"	"6DC9D3FE423D69A4ADE7AF321250106E750EAEB28D882B8BF1E4EB3928953193"
"image\map\1170\fore.png"	"47970"	"BC3433754FDE73C0060AD3A61AB5BFD3AC09F25B0744810A0BD6DCE3FBF9850C"
"image\map\1170\icon.png"	"3378"	"DDFBB0E70BF7EE7604264D0CEFE57BA27D964AC24A85C07EAA5E2436DA2BD467"
"image\map\1170\samll_map.png"	"19001"	"662A6D44260CB0E2DDE04F4184129C7DE15B9C33129264B44B4B68A719314BE2"
"image\map\1170\samll_map_s.jpg"	"8320"	"482914731A766833F06BFCADBD4067864F2F6E413DC964DF23EA951411969662"
"image\map\1170\samll_map_s.png"	"7528"	"F21AA925032FCB309CBAF5D37BAA5E6C62A33A13F19A1E874EFFDBBCE641EE8C"
"image\map\1171\back.jpg"	"90337"	"B89C0F58108E43D1AF21798597A2A5629924655ECBB9FC61D3A7CD2C45F0BFFE"
"image\map\1171\dead.png"	"67979"	"9ED327B3855C42FBBC61285EEA1F60BD15BAB562A8BD86BC56DD61B79293BAE6"
"image\map\1171\fore.png"	"61758"	"12D182A640AC1AABA48F02C6DE2CC7ED458CF8D90BBFA9878E2E37E622E9196C"
"image\map\1171\icon.png"	"3483"	"BE161110B206AB54BECAFD796F283394A1CC104281F775474B86FDFD636E0EF4"
"image\map\1171\samll_map.png"	"17716"	"6C5440267343F0AC30A6A2A029F3DDDF3C086FE58A701DCEA954BCB33DB3B025"
"image\map\1171\samll_map_s.jpg"	"8408"	"1907FEFB2359672BB2EB5217BC12514FDB213910B785F83A844A3812B3DCA8EE"
"image\map\1171\samll_map_s.png"	"7679"	"C8605DC395FE3958F75AEACF2094C260AF3CD292144DDD2A545FFD17E2ECCE61"
"image\map\1172\back.jpg"	"55545"	"1C63C93DAE5E9BCD4BD9BE731F669D78A4074052ABBF52A28A261640A18AF218"
"image\map\1172\dead.png"	"81368"	"2F3741266BC85928663654A7C1539F8AAC93483B48E81B060AF43E16E816328C"
"image\map\1172\fore.png"	"31936"	"0DA3E50025DC72A0FA57FA49BAA7CB89436A12769F60643C56DD27E457C7DAB0"
"image\map\1172\icon.png"	"3271"	"3E804EE01D6845A88AD321A8DC74B09D9511A08DA8D291483960CFFBE6016BAE"
"image\map\1172\samll_map.png"	"16619"	"97E02B77252660D60884000F4EC71C50072EFB871A6A55F7C32E8F9BFA35E3F1"
"image\map\1172\samll_map_s.jpg"	"8280"	"77892198867A6933E337469EA758F13BF3AF354566101F6787A30B6D0F733EC7"
"image\map\1172\samll_map_s.png"	"7424"	"4438F6FA0F41D6746039A8B208DBD97632ACF2B25725063F09E9BBFF29FA2B3A"
"image\map\1173\back.jpg"	"51843"	"EDDBDAB1727FC0323DBB87FF6AA7D2B20A07050090C51A057DE862E8F61E4C39"
"image\map\1173\dead.png"	"147470"	"BBA6B9D733BF60694E1CA7B9BA4B165A51053D6816142A6E9E8813086CD09883"
"image\map\1173\fore.png"	"48444"	"BB86AB28B89248B65992FCF679F1AB07241CB1907D81CFE6E5A5C9164C6813A7"
"image\map\1173\icon.png"	"3310"	"8149A95826C1750287768F1E6A9DA96DC197BEFFAB61071369043E724A7C99B8"
"image\map\1173\samll_map.png"	"12345"	"81450805B2F60FE4F94889B9117D66DC05082D9A73099FD7AEC95FAF1BC08071"
"image\map\1173\samll_map_s.jpg"	"5909"	"B0928665093B81A730322A49C3ADF168E2361AAE5C9F64C8B82AE916BA2F80E2"
"image\map\1173\samll_map_s.png"	"7258"	"4655C7592715A589DFDE4F521F358407DF219807F2F9D2C18908554AB05D541B"
"image\map\1174\back.jpg"	"58403"	"0DC04B4361F9804897DDE1FA73A4FBB729A3B61E74CC2C949D5A7D77C79914F0"
"image\map\1174\dead.png"	"56219"	"05F7D3D2848BE2FE0C2C0874300D0A8A1EDC62D7A9C5A1271732624031DEE40D"
"image\map\1174\fore.png"	"194080"	"C067AEF38215801B3914858D3B131E853E624C4E48603FDD2C2847D4895A9C3B"
"image\map\1174\icon.png"	"3648"	"A93B7AAB3B0BAB60EC697EBDD5C9FCD4BB3962FB06F2F378E99DC7B3D671EFFE"
"image\map\1174\samll_map.png"	"19429"	"A2C0E64F6D35347B7D0CB44BC65CB96086627C59D42221BDEFC811C5169696E0"
"image\map\1174\samll_map_s.jpg"	"7906"	"483C1FF9123A75CD907E99232E671FE2A5BA55193DE0541AA273EE1C217BA24D"
"image\map\1174\samll_map_s.png"	"7293"	"2A1458992599D6F49B3D491FBBF5675AC5D6C4A71F219424766598D8B99C6D02"
"image\map\1175\back.jpg"	"57481"	"98B0893F65EFDBD03E18E14CC1CA03896B617E8DD5FD6C24376643F313F1993B"
"image\map\1175\dead.png"	"80234"	"91F4C36FAD93E49B84079B7EA3E73F749D8E8E52F91F99480990EA9C35412D44"
"image\map\1175\fore.png"	"50338"	"DB177A04E8ED5A3266C92C62298418EF561EB260576B0C8832AF42F624F22411"
"image\map\1175\icon.png"	"3486"	"62DDEDA6853EBC7670C5341AE1D7D4AD0257EC9D89262FE66AF23A7F404FE3C8"
"image\map\1175\samll_map.png"	"19081"	"96DB36C6FDB49115EA4CDC13E5580F84BF318C672EAECCCF00092E56C090C688"
"image\map\1175\samll_map_s.jpg"	"7518"	"23AD6E46DA54402031AF319BD433DB3047C8D4A22398F3E3D866C0867707713E"
"image\map\1175\samll_map_s.png"	"22008"	"B3CCA2B0E1BDBFB0C51D2030C589D9719FFC4A15E8895D111B1D86EDDFF167FD"
"image\map\1176\back.jpg"	"43677"	"5B6C6C941BB8C961FDFCFAAFE1160E898CE343DBFB472A43E0FC1D0D9AC1CBCB"
"image\map\1176\dead.png"	"52038"	"AACCEAB3E918A48075B9D4649C6CCD584D9BFF29C9AEA34A7A40063EFD798663"
"image\map\1176\fore.png"	"343064"	"9B18507B5FCC5745A1961CB4B0F8BA13FC5F0F883C7BA23E27A072A5CB8FB18D"
"image\map\1176\icon.png"	"2998"	"A706C8BA3CCAFF4FFB8049C839B06928E1CB09447121B81415FA6C8FC5514AE6"
"image\map\1176\samll_map.png"	"18805"	"3FEF1D8871E85080FECFA43C6DFC4902178020DAEA6CC9C39DE0736FE3643587"
"image\map\1176\samll_map_s.jpg"	"7402"	"E63A40064D0700F4C66C23F4076050A7DA758E27AFC6947DF28A2364729D2AE6"
"image\map\1176\samll_map_s.png"	"6842"	"5FB2949CF37BA861C32F3010AC1DF291396C9AE96DD2E08AF2BD953FD8D0FBE2"
"image\map\1177\back.jpg"	"45344"	"EA7470836C62DDB4E294C12D9DF13CCA1036AAFE450A7BD7579192E27C56778C"
"image\map\1177\dead.png"	"81288"	"0C1A582558AA299D474132C0D6E46AF286F2A7E5C066ED3BB57E00FE3DF49BA6"
"image\map\1177\fore.png"	"81802"	"E422C8699F53C2A01338458FF663B917BDC1D57F382EFBD867F8D1D5CD47A33F"
"image\map\1177\icon.png"	"3170"	"7A698A79A2A964D90EBE49883BFE5093845BD87A33D7C3D4BC6709F882BB002C"
"image\map\1177\samll_map.png"	"11882"	"73686D800E58FC7950C54502FB7A65C9856470756FBC2F83948796AE51BE7495"
"image\map\1177\samll_map_s.jpg"	"8282"	"80F7A5A95B6CEFFAB817F10EC9F96CC724A9D773DE99F3A2511328FF595EA024"
"image\map\1177\samll_map_s.png"	"7355"	"DFDAD1C65C675D0B9A85C76B683E825458794CEA5FD941561F030B7E779A1EFF"
"image\map\1178\back.jpg"	"64833"	"BB95B2A8C17F89FDB58B709863807E09871B39992AA7C81CA87C0E6301B0776C"
"image\map\1178\dead.png"	"50037"	"139027F6C4A166C88D5EEE571FB4579C424915381190E75F259E841D7B4375B5"
"image\map\1178\fore.png"	"87034"	"2276C2EF4104AE5FA744B56E5F5A8EBBC5F1BC6AE8B8FEBF6A9DDB689FB9CC07"
"image\map\1178\icon.png"	"5080"	"2CAE9BD4820B6F4455C5574DAC0F0ADD910E40FB72052E789BBD951DB5B16784"
"image\map\1178\samll_map.png"	"18209"	"F35CFAA8104DC6B8B284ED3499B106800927A46F17373DBD797B166641A9827B"
"image\map\1178\samll_map_s.jpg"	"17703"	"3A80B8B4C389EB0EDD66C6F725D46EDCC9C9F42ED74D2E74636CE8B4F5D2B62C"
"image\map\1178\samll_map_s.png"	"19358"	"E41BCD40F86686E24A7E26F08EB88C37E2D862377932016A28D9CF595433219D"
"image\map\1179\back.jpg"	"22769"	"F1FAA5FF576AEBDDE3F51767EC1A5481EA63DC475772ABF01F6C069A7A46117D"
"image\map\1179\dead.png"	"80464"	"CD4CEAA4B0FCC2AF9CC6CB664C62F2256AD9504AB67B0CAA9508FE79975CA069"
"image\map\1179\fore.png"	"57894"	"CA846D74FB02F2795F33F5527CE6E0C9B095274D62CF9796EDCD140D60B656F6"
"image\map\1179\icon.png"	"3212"	"09600DB9A87187AF29C98E124652B1F70BB2E4AB272C7E6F99D36B814A805DAA"
"image\map\1179\samll_map.png"	"12627"	"F98570BE32A8AEBDC429DBFFD4D00FAF87C604C1E22B3E0E05E16F152CC847B4"
"image\map\1179\samll_map_s.jpg"	"7178"	"3F907B9DC7878D4BFEE0A8A85546F99769CBBA44136CC26D243DB0ABBC926E9F"
"image\map\1179\samll_map_s.png"	"6468"	"45B0D6260F84D11BDA8BDB6F8D4946E56CEA8CDCE6F8AD8D3C1165C877527556"
"image\map\1180\back.jpg"	"63376"	"BB48D9B9A25260B88F56CC34266EA4CA1B58F3BBD6193A19DCFC3F8EEC941D59"
"image\map\1180\fore.png"	"231395"	"1D00DB70A2F89154040C3DEE71E8C9C174CA101FC50E66A3C0EF56CB84DA275C"
"image\map\1180\icon.png"	"2421"	"8E326BC2CBB8D25648BE5DA5C5FDA9279653C5952B3E11B2713575742DEDD9C9"
"image\map\1180\samll_map.png"	"16893"	"8F9DC69EB15E12CA3DA4E344518CDCCABCA901FC4BAC3A82B3A3E849106A2F4E"
"image\map\1180\samll_map_s.jpg"	"3286"	"A208311E66F9B3B3A4C1FB941B16BBA1B45C634A2AB4919AA6F5D9F28C43F6A3"
"image\map\1180\samll_map_s.png"	"7454"	"067965190A26D8442788254A896ED34B4F72FDFB328784A95F100F791BE8E710"
"image\map\1181\back.jpg"	"127368"	"1BA04A01C734D47666D3C2D631A1917A6F73FE5192F32C1EB2EC0E1EECE2E4EB"
"image\map\1181\fore.png"	"224606"	"D2871D7E5ADEE66FD9CA53BAA1F793952F38C4996F16B4A310B170540364CB49"
"image\map\1181\icon.png"	"2111"	"83DF8E16FBB8D005D201A04E0A82BF07ED15DB80172D48B11F345AAC781FD137"
"image\map\1181\samll_map.png"	"17971"	"D8D2CFED49D22EA77D795E38B6412388BD9DFA340C361393CAD7F8EFEE80C344"
"image\map\1181\samll_map_s.jpg"	"3942"	"9510E99EF4A3C5F0F1A9FB1687FF0125E38AD0A441CD9EDB88B05E4EFC92D7DF"
"image\map\1182\back.jpg"	"35369"	"8DE6B44B26D8143EAE9471BBCB7019213AF648DFECF773D4D70E9934DA386FB2"
"image\map\1182\fore.png"	"142942"	"90D66BDF06907500B54259B3769357E00B25AD0D6A63EF489FE588B0B06EABCD"
"image\map\1182\icon.png"	"2068"	"D1A826873655D8290B40C189F5900C236CF348D6E39F23E3833E045F45005052"
"image\map\1182\samll_map.png"	"10696"	"282FF2D8AEFC3F1A085941D3B2043D104C7398FC8D4D4F9BE1D3246741A8D67C"
"image\map\1182\samll_map_s.jpg"	"2398"	"DB655F7684D91E4F07C33965782B4E746764B5E30840A95F68A794C6E218A704"
"image\map\1182\samll_map_s.png"	"4154"	"F26BC06B9305F0FF73AEFA79C298B17F3F2D9D9D1E33778F8C1359DBCF634CDB"
"image\map\1183\back.jpg"	"69025"	"9E27722BA5F611757EF90DDC9821F14A83FC78E6A6D9AF8A934B50751456F367"
"image\map\1183\fore.png"	"217926"	"09AC9E17FB8769967AEA977D085198E6D1F154D6B866F22071A2BD0EF575EDE7"
"image\map\1183\icon.png"	"3044"	"7069C33FACF6B587FCBB024879E684C8ABCE83006FAE076587202658451AFC44"
"image\map\1183\samll_map.png"	"18567"	"24D4F78EA0A4A4C796C4B96FBF9C2B764E709725225C75FBC35824A2C839B6E6"
"image\map\1183\samll_map_s.jpg"	"5901"	"0759E8405244D1646F6A9683A5A70ED2827210A34A2338A8F2464DF401050360"
"image\map\1183\samll_map_s.png"	"6698"	"D08B2C2AC4DF3AC60BBF92E02117897A944A196CF34C268DC6F0F7FC360EBEE7"
"image\map\1184\back.jpg"	"63936"	"E376F765196FF1521E0BA7BB9D04AAF7083571A05803E18FB49873641FDEBEDF"
"image\map\1184\dead.png"	"151078"	"2430F6EE46967D84E534BED604D183497CC8BACF16DE075343F7B1FE0A2F6050"
"image\map\1185\back.jpg"	"51766"	"7B47162C9B12F77B67182A151206F1636E20F5A218DC83CF2CAA4EB1371A4921"
"image\map\1185\dead.png"	"159426"	"FA8A256B56E337F275444D32B994AED5586D7448E7443DE4A47FFA32F0F41AF7"
"image\map\1185\samll_map.png"	"13733"	"EE44FDDF6570071A8F77B38CA6657FE9DCBD3AAD77647AE8C58CA7A3C9D6CACB"
"image\map\1186\back.jpg"	"54116"	"80121FB3C5B370B172ADCBFAA8F25F5EAB5351125BF06620E38A39A698FC7223"
"image\map\1186\dead.png"	"215190"	"152E1023FC9623AAEF2605A37DD34E3B7295AE9550AA23A12B61A5A92CA4AEF3"
"image\map\1186\icon.png"	"4146"	"163968EB2D5EFC4E12576BCB1ADC3CF84A5012A93D87931E2218D722F3645C72"
"image\map\1186\samll_map.png"	"17196"	"3A014B9595F0EAB939BE895163218D049D9439DA89FAFF8C0615E1D5498461A8"
"image\map\1186\samll_map_s.jpg"	"3260"	"B994C1FD0F725481B5BA3D9F1E5CC21A7F7753FF383BCAA2932F5BAACC11BEF6"
"image\map\1186\samll_map_s.png"	"3001"	"21137EB4ACEF75875769C262F81DBAAF133AC58698A0E6DDF9BD5179DF8A8530"
"image\map\1186\show1.jpg"	"48932"	"85AB73D18068F38B8E7CC5C7DA593FB9812C86D309BC9E384A9D6075D54E2E6B"
"image\map\1187\back.jpg"	"164556"	"E5C10FD79B5BE11ABDE942943DCEC328AA5B059AB3C77506345EE69549B5BF65"
"image\map\1187\dead.png"	"514420"	"C3F07184D2A7EBFE435A4563277DC0E8BE5D266080949BBDC0F24524E8F3EF88"
"image\map\1187\fore.png"	"180489"	"FA33EE73E6FB24AFE2928B174F3843B2740DC8C335409AC29776C4C7218343CB"
"image\map\1187\icon.png"	"4250"	"026EE7DFF33BCAF00112CB91E89480BC88E2030FA7EA95A275FB004FE65C28C3"
"image\map\1187\samll_map.png"	"19079"	"CF6B0A00E922E90F58FDABA41E35217431D738608BD5F98062B03B905BA49706"
"image\map\1187\samll_map_s.jpg"	"3047"	"B7DB245664B8F4BE35B5F8595E2DDC8D0C43E4AA35F2AD6379106E7FCC9F87AF"
"image\map\1187\samll_map_s.png"	"15576"	"C8203C2303ED5106788256E3DD5C0E2CE7A364F9EBFD829A0678E0C253F1F358"
"image\map\1187\show1.jpg"	"50604"	"0D607D9FB5BD969FFAD205F152DE24B1E85E27C32A134901F5246BA116D3917F"
"image\map\1188\back.jpg"	"64613"	"73393B7ADF753435564B0B6B47D357A7C5E4B0E50415BF975537EC3945EA948D"
"image\map\1188\dead.png"	"64165"	"0CB866648EBB6DF3E7C575C4CC22743A5175150C17E317CCB366F958F95EFE2F"
"image\map\1188\fore.png"	"64165"	"0CB866648EBB6DF3E7C575C4CC22743A5175150C17E317CCB366F958F95EFE2F"
"image\map\1188\icon.png"	"4164"	"033C58F3F9ABF0823402E5D66BA5697FFD57CC796A76CA2C583009CF14EF8A04"
"image\map\1188\samll_map.png"	"18558"	"A7663A94E82C9776BF8FEB991F8C5373981BEED0BB9CCF4AEF3B2908209A5F2F"
"image\map\1188\samll_map_s.jpg"	"2532"	"D3E99DD5E21323D9BD119232950F304F197C8F04961246AB83AFD37AB269973F"
"image\map\1188\samll_map_s.png"	"7340"	"230F06BFDE480C03CA33CAD888599266592E05E2AF7EFE67AE5F69326C677885"
"image\map\1188\show1.jpg"	"48352"	"47D9CE9F67C8FC0C91FEF2EB16FECBD98EE7E09380E264D234D32686E84F6FD9"
"image\map\1189\back.jpg"	"64824"	"274A677FF8DD0B56007014DA137AC1020B3073ED334CBAC6EDE9E6231FF53CC6"
"image\map\1189\dead.png"	"169473"	"B87145AB13A282DC90B9F04F9ADCB4C83C0D624B65C52FE805881F120892A8A7"
"image\map\1189\icon.png"	"3983"	"374DF3288269D438CD5101F06535432B3FC3E798AB99C06E2815DD96081ADF8B"
"image\map\1189\samll_map.png"	"18975"	"2292ECBAB7E3E1CB118CCCFD9BA927B85CBB28948C50A9595AA8E21094C79B8C"
"image\map\1189\samll_map_s.jpg"	"3127"	"C417F07A82B81911528752C45F09C606571D344D2AA8FDBBB4EB2C68646E6D3E"
"image\map\1189\samll_map_s.png"	"8698"	"7F9A2CA3674CE81F8649484FDAE10DDA19214E264AC7612148F4203295487AE1"
"image\map\1189\show1.jpg"	"52425"	"AAAEBF139DDD3AD04F20405736ACC40FD7EE9425CECD86B12291E085D112D6AF"
"image\map\1190\back.jpg"	"102600"	"1B6335E29691DAC0881D40178FD061FBE5EFDDAEB0533EC6DD21747575FD5B6C"
"image\map\1190\fore.png"	"431024"	"0FEEBE3CE95B38254C36F8F188756EC32D0DA2A399A23B7AAEDCEC58152E1C07"
"image\map\1190\icon.png"	"3381"	"2F36354A68BBE5AA75F914C6CD8562D35E370E56FB3E5243CF0E31E4EE85952B"
"image\map\1190\samll_map.png"	"18298"	"E64213E2566066D01D7715429007F3EDE7653ECF6F37CFB81A87CC4683858A3D"
"image\map\1190\samll_map_s.jpg"	"3610"	"D454ADC8138634FEB5BB5EAACC50DB330163C24DDBD7C02E1D614D840327B7FC"
"image\map\1190\samll_map_s.png"	"13249"	"C3E24ECEDCD1F930888D7385286733B8E07D09B0382968019F3FBB30008D3222"
"image\map\1191\back.jpg"	"60864"	"CBF23A1A6F83E31971BD6DBED2C567797B3D2D5EE88897A74F97FF66FF3A5051"
"image\map\1191\fore.png"	"240457"	"A7E4BE2FC42F490F34EBEF0B6E14EEF0723C9784F58AA3E35B733D02A66F7D85"
"image\map\1191\icon.png"	"3403"	"88448207B99E3903148AE6658FDCAA18DD8C5399B133FDBF64B1B9F0B2753EC2"
"image\map\1191\samll_map.png"	"17297"	"486093E7BE6CEE672960C769F33CAA46E7120F1087F08606C489AA56ABC35120"
"image\map\1191\samll_map_s.jpg"	"3151"	"D98EB01CECD25C9E011FFFEDB89189E7D2A9ADB545145C492A32F5784349DE4C"
"image\map\1191\samll_map_s.png"	"12042"	"4EF6CAB82D2898F09AC386839707B94AA60D081FBB63DD34687816F0A1FB2A14"
"image\map\1192\back.jpg"	"50467"	"FF9F6472F5137E38E89D282E7FFC183B9665AAA872B7C0FE89D53EEFA467794A"
"image\map\1192\fore.png"	"477873"	"FAD9A1C285D34C8213ACC6E0AC1A4453B03F44C6F16520D9ACD62276910E2E59"
"image\map\1192\icon.png"	"2889"	"3DD7969D7A14BE177D7D2AC7C12D1238C0146DE5AAFD37FD2947F846697692A2"
"image\map\1192\samll_map.png"	"20134"	"4E4205179C7953BD526E60FDC86E2CC7DD0AFA8941063DB3F0CF80B3775AA603"
"image\map\1192\samll_map_s.jpg"	"3927"	"B971A216AE7C0E6E9E20FC23FB0B240079397962D68BDD6728F345E0C0CA7520"
"image\map\1192\samll_map_s.png"	"14658"	"46350BFCEF57997EEF7B21F0B94850209CA22707A0C624689FE59D0A112765AA"
"image\map\1193\back.jpg"	"48116"	"5AC875A3B6BAD57C4577C80B3FD45EAAEDC9064DEB7E27EE7E395F20FC592D08"
"image\map\1193\fore.png"	"371958"	"8A3E61EB4838E92883A34F6B74F15DE72E012CE1A50C74E4C7742C3215A9F5C6"
"image\map\1193\icon.png"	"2286"	"D05988D78F8F710C2DE16205170A28E5B570A5656CFC80ACD0ED25F505276942"
"image\map\1193\samll_map.png"	"13606"	"9BB1B31D711045AA2591831A1C79619F53763E2F51E2E7FA25ED49B08005BAA6"
"image\map\1193\samll_map_s.jpg"	"2862"	"41D183A2FC19D9B2B4927EAD45EFC6237CE00127A4D8FE4DE46DAC01009BD6CC"
"image\map\1193\samll_map_s.png"	"5180"	"DF70817547263047F2C2168F7802926A5B306C011A01DDA8BFAD04CCAA3670BE"
"image\map\1194\back.jpg"	"56402"	"F9235EDBE82D9866ED98963CDA35331243BA29A9EADC18E305960A7C9C502351"
"image\map\1194\fore.png"	"339807"	"D45493425911580E0839A670C9BCAE3FD3B0DF5BE11CE51C5237320B1159DD88"
"image\map\1194\icon.png"	"2828"	"D6973A5627F97DF8743F2A220DA12B8124C45E77B98F68017E365926CFF708E2"
"image\map\1194\samll_map.png"	"15622"	"A0FF7DC903D51F3DA56C5DDE1BD8A084C74F0AF9BA67C2E1B729FB7E381184A6"
"image\map\1194\samll_map_s.jpg"	"3365"	"4B37599343AD7F3E80244CD59C812AFC636E4A1EE4641221B133F6E451E0A1E3"
"image\map\1194\samll_map_s.png"	"13019"	"6E371AB8376AD621217FFC2006A34D1E1A1191215C9B507AF219BEBFB9882E1C"
"image\map\1195\back.jpg"	"524619"	"6B75F2F0F51217FC6D9876841EA88B0C97D27F3DB1A928854CAE0D3433EF2482"
"image\map\1195\fore.png"	"425749"	"71334D0F387AD4D64E0A2C038B68B41BF66099A089F000EFAA0C29AC91FF51C8"
"image\map\1195\icon.png"	"2541"	"5DE9083C0103D2CC176704823986C20FCCB9629B9C20218C4ECB56E60CB84310"
"image\map\1195\samll_map.png"	"15761"	"B996B6D909A3DC818FC51C0745279A645A08046A24A6A59889A9EBB191C156B4"
"image\map\1195\samll_map_s.jpg"	"3613"	"B752CEA5ACF673FC27DE609B1BD819FA3D18CAFB58C4B27E14714B203A2F0783"
"image\map\1195\samll_map_s.png"	"14363"	"3CA326B5911BE8439315E1AB80F2214FD7CEA31B95992AFCA361D089939D1C06"
"image\map\1196\back.jpg"	"106813"	"26ECA7EF5F6A824C959A62BB8FE471A2BB91B6EF18EA66ACE6212043DF90609D"
"image\map\1196\fore.png"	"454958"	"B490C88D8F7884CB9DAE1083D11D3D5AE211BE1C8D3774A9C16B82DFC5C5703A"
"image\map\1196\icon.png"	"2941"	"C96FB5226FE139C1EA90172464751371AED0AEEAE8DC1C26FF45EEB3CD30812A"
"image\map\1196\samll_map.png"	"12567"	"61DFBEC028361B0CAFA5FA8CE91691AAD3EEE06B6BC11F041B3911587B174030"
"image\map\1196\samll_map_s.jpg"	"5989"	"3875D3555951046238C1D7222ED2CBB2B319DCCC8420FFAA3CC07E2726F0F0C9"
"image\map\1196\samll_map_s.png"	"8578"	"412B43FC950D2DBCD845210D196855AE6A0FB57C1E0AB582C98E3AD98DA2830A"
"image\map\1197\back.jpg"	"63378"	"6F8185BC78CFE77D9A4E3D25C27194E94ABE261F144DFDCA88CB5B684AE081FD"
"image\map\1197\fore.png"	"204236"	"75CABD3A42DA2ABA64909E81895D6FB1ED490364EC205F41C3B2D1610A9AE8F3"
"image\map\1197\icon.png"	"2775"	"51821BC158EBCB50A8735F30C3C08DB740F98A089F5017EF07DB31F7C4BE25D1"
"image\map\1197\samll_map.png"	"13193"	"6D31889FDAC345787D29534D399469D46268C52BE4FA6E2F5009DC241CE243D4"
"image\map\1197\samll_map_s.jpg"	"3055"	"D20941D2C102851E40AD7E7F5A10BD76520C22C82D0D91631792B7FE7F92E481"
"image\map\1197\samll_map_s.png"	"5099"	"36495850CCB0FFB4CA067691C6D2E14DA150E3502108450C6BF2F16B18AF283D"
"image\map\1198\back.jpg"	"32241"	"68F84B7DF4D6B221A42FE748C1B0F65F0F1CE67A7AFE45BFA84D8DF3A911EBD5"
"image\map\1198\fore.png"	"329545"	"06209F94C3C81E8C7D26FA2F85FCA43C83CDADA048EDDD8CE1F54A3BB8CD3240"
"image\map\1198\icon.png"	"2490"	"88955B8E450E73AD79DBB74831DF26544AC3E4BB300B71E7FF2471A2F8797F77"
"image\map\1198\samll_map.png"	"17657"	"9E6EB5EE45EE53806A95E33DF7DAC6BF5285535A5CD5743C4BF3983D6827CEE7"
"image\map\1198\samll_map_s.jpg"	"3112"	"420DEC626B1E1310EA3FF8FBCCBD56B26134405C9D7147F32CCCFB41587C4D7C"
"image\map\1198\samll_map_s.png"	"5651"	"B7B5C16C1729D568743898F52850B6B01F3A6DA423550EB1941EDEF29CE89064"
"image\map\1200\back.jpg"	"73077"	"F3DB5B2D1D5D5D7A0D0E2626F6EFC28E280574DC000653C5CA007BA72FAB2C96"
"image\map\1200\fore.png"	"371384"	"6C989529DF5C324EA1B2A52FD6425F4FA0A4A319EB09AC9E955BAFEFE0DA34B5"
"image\map\1200\icon.png"	"4895"	"68A3DE579015BE3108C8ED1CB6E187FBDEA81BDAFD75E78CEEF4943F44F71DFE"
"image\map\1200\samll_map.png"	"16605"	"A2D6FE7A2A63E5C71248F4D440749A8566E9D1EE2C768810CF4256522DD156D2"
"image\map\1200\samll_map_s.jpg"	"20638"	"A70B5C4E0A7454D02ECFA497DEF2939E6A8A4DB273FD5F75FB783B4258E3D75B"
"image\map\12001\back.jpg"	"62597"	"87313529D9342C6D302DBD21A4CE4E797105F6EC16A553A802A0A30EC947EC07"
"image\map\12001\dead.png"	"161061"	"CE13F4F52FD47831DF5E7EC41D0792B367E163F75D6F0068EB55C9A8BCE9BD4A"
"image\map\12002\back.jpg"	"66880"	"E7C57CC041211B423CF50B88EB0FE659B433561FC7DACBBC1CB89425670411B0"
"image\map\12002\dead.png"	"171491"	"3EDE761FE290A16D8B29AA468D292B64F233FE1B4BD4506D83B160CE36F81ED1"
"image\map\12003\back.jpg"	"66246"	"2DFBAF3E4042A4C5D8DC6A7E93444B71B762B6AC865B8CA4753A4E7F2581EA76"
"image\map\12003\dead.png"	"171554"	"01A2E56E25341B41D5D978BA76BDA073CB9793A96BC51C3A86E47C6F55FD6E97"
"image\map\12003\samll_map.png"	"77342"	"90708C1557A0169FC6366C1A447E5CF6E358D34BB23900E917053697329BCAA2"
"image\map\12003\show5.jpg"	"70240"	"1AC06EB7A205615AC4B2B588183ADD535B347F6E6027076C7BC583C984F83B49"
"image\map\12004\back.jpg"	"97186"	"8A0E6E3494D1454F7686E45590E6C855A013154EE07178B5E126FD6D1E58A5D6"
"image\map\12004\dead.png"	"161969"	"CCD90CAE106B2D496DE17F092DA1A3CC42060D0C29B50FBB7B85441EAE674877"
"image\map\12005\back.jpg"	"82492"	"C3408EF151600F8C9AA33A7765C23B68666CFD3FD68846ACC3D7ACA00AB35479"
"image\map\12005\dead.png"	"107520"	"E1E7706DCA8E952499E53AB3893BF5EBBAB86B88C367858B91A5208357CA8C09"
"image\map\12005\samll_map.png"	"77342"	"90708C1557A0169FC6366C1A447E5CF6E358D34BB23900E917053697329BCAA2"
"image\map\12005\show5.jpg"	"70240"	"1AC06EB7A205615AC4B2B588183ADD535B347F6E6027076C7BC583C984F83B49"
"image\map\12006\back.jpg"	"97439"	"BE26862A1B25EF1CD07CFF2DFBB940B6D65C7A5ED870AC2D347BDC87F4AB236C"
"image\map\12006\dead.png"	"129515"	"E7A60A74DB67DBA5C62A5BF9A933F5342B37404C087ED13809027CC72F7FDE70"
"image\map\12007\back.jpg"	"71069"	"7535CB98072C98437966C96275BFA5D888848161E43732CAF305645A63D6C260"
"image\map\12007\dead.png"	"135171"	"10D3AE590137871EF2D65CC1C197BC3F231EAFFBFD93FC5B4DD05F67F949E5DD"
"image\map\12008\back.jpg"	"71069"	"7535CB98072C98437966C96275BFA5D888848161E43732CAF305645A63D6C260"
"image\map\12008\dead.png"	"134484"	"C9938621C513DC1C1A27885F73C4263B19C0654C862C6847C199F8AE352EEA39"
"image\map\12009\back.jpg"	"93163"	"040EBC1ACFF39EE6A1CF374C4C3F32C3AC37E10468408396300CCEF23B9C0F2C"
"image\map\12009\dead.png"	"136540"	"7598D503B4B96A3159E98F924AF7430FEE1D142A11295998B408212668C86FE3"
"image\map\1201\back.jpg"	"159404"	"1194FDB486F2AE1843AE0511A526231C5345B1620004230B2C3A7723F3EB91F3"
"image\map\1201\fore.png"	"415233"	"B1402388A2C0FECC40747EAAE5C6CA5006BA68A4EB84216E11CD0F63653FD1EB"
"image\map\1201\icon.png"	"2649"	"EADC0FDFB020A785DBBA27BD60579FE6FA9A837C7C8664C9D02D21E87EDD0005"
"image\map\1201\samll_map.png"	"18212"	"DBD042EE7405C995B30B8D786874E46464D9D1A74072214C69EFD813C4C74C04"
"image\map\1201\samll_map_s.jpg"	"3040"	"ACD347490B51382850CEC61A83AC735577163279CCF0FCA37D588F1A57FA30D8"
"image\map\1201\samll_map_s.png"	"5488"	"DC6DAC117106D59554AB0B2596F527947081080D20840A0C6253D5A61A222EAA"
"image\map\12010\back.jpg"	"69717"	"EEA0FCDAB1F9FA5D32BE140BA3A321D8151EEFB34B71D58D6B1C28B37DF44DAC"
"image\map\12010\dead.png"	"258866"	"3E2F53A820E8BE18BF17E8E0E266C6624908F076E2397CF39FF47A89113F0654"
"image\map\12010\samll_map.png"	"19294"	"FE29F46F74154895FE5F545A0ACC956CBCD0C3157E1F7A84F51D650A8DFA8EEF"
"image\map\12011\back.jpg"	"66979"	"8EB9EF5477ECAF8D724D6623C4A157F7FA86F41ADC1522B520D4EE423D71493A"
"image\map\12011\dead.png"	"82920"	"FCCBBD371A917A81AA8BCCFBD1F60745CD2489703F2309F5B6585DF7C8E52276"
"image\map\12012\back.jpg"	"37149"	"079602FC01C928F5C6197037DACEB29EDCBF71E7484CF6489FBD26ECFBB55574"
"image\map\12012\dead.png"	"98104"	"C6B719A307A55AAE355011EBC6ADBA214E9F5D5B65E392E39D89BF19106FA757"
"image\map\12012\icon.png"	"2478"	"760C259CAC8EDE178C4818712487E9BD848474E986315587D1537D5A36A114FF"
"image\map\12012\samll_map_s.png"	"21569"	"A63EE50E7DA8FDEFE291A8FB47A76023CC82CCC4474AF4A7EE255B504BBDDEE8"
"image\map\12012\show1.jpg"	"28209"	"CE55E4F72D324865C1A946424DCA8095DE6462FA5A9B3311FE8B634DAD86EF21"
"image\map\12012\show5.jpg"	"70240"	"1AC06EB7A205615AC4B2B588183ADD535B347F6E6027076C7BC583C984F83B49"
"image\map\12013\back.jpg"	"31847"	"546BD80E83BD2402B9FA4675FA610680558881EDE9F3235F371C0ECD71C9802D"
"image\map\12013\dead.png"	"88770"	"3FABF54F32A876DBF7ABB64DFCD44D2BF7F5024543992C77FAF88202D53D3194"
"image\map\12014\back.jpg"	"46715"	"2CE559783803EE5AC6AB901F0A7E48961A273C37EE950D5A6AAEC1B4A2493660"
"image\map\12014\dead.png"	"132101"	"B8B0195B5458DEE148C2F3BE5617B71627570D125408CFC606E014FEED8A2A91"
"image\map\12014\fore.png"	"227107"	"7292FA6354ACE197D165DBF1BA43A009D08A382C8DB7405403A2B322CC298C1D"
"image\map\12015\back.jpg"	"34623"	"7E3A0992698CECCDE7971FD7668EE02BC1D6848A21C829BED6D5C8266E31A340"
"image\map\12015\dead.png"	"126660"	"D00C881EF4F77868B9CAF7E1244D5523F1CF4EC9061A92FCD65656805761E920"
"image\map\12015\icon.png"	"3381"	"039B6CA65D4BDDBBB133404CC30F0A1C118CA7239F4D7D18103345468C0D1B11"
"image\map\12015\samll_map.png"	"17110"	"68B2C57B9BB3AC6B541BAFE9E1D57DA722B6AE36D0F6E8C784A95365E5215B1F"
"image\map\12015\samll_map_s.jpg"	"5904"	"D1865E44FC65E1F7E49748C47B9D0DAA16243E88506694AF3FCAE36D074B6B5F"
"image\map\12015\show1.jpg"	"34220"	"A953880127A7B651402DCAE893ABB6C6799EC14940766F87B2E0C2463D6E962B"
"image\map\12015\show2.jpg"	"42419"	"8349A631F205E96A5C648BAD40228E1A22DFF9C3379C7A00B7E8B7CBB760B74B"
"image\map\12016\back.jpg"	"46622"	"1BA7AEE4C1C4996A64B3F264C30E0016F62613BCE0BC1E9CED418FADE936C54F"
"image\map\12016\dead.png"	"142416"	"29120E08B57A04EB76E422D947C748A957B01F6AE6409C6AB0419539F8BF0CB8"
"image\map\12016\icon.png"	"3836"	"F76F10956D911ABC1F0459ED60AD170B6BA1695A8EC86D5FE8C68B1E54BB1377"
"image\map\12016\samll_map.png"	"62097"	"0D494B009E51D2B10E32A1E52DD7F5B76D5B433E798C1739C581D9B8CE9DE9C2"
"image\map\12016\samll_map_s.jpg"	"4421"	"AE0BC1A3EE571C8C9A871B550F68AC4E7DF07F75FCB2B3D11BDDF8B0733E5740"
"image\map\12016\samll_map_s.png"	"12784"	"78A924B9D7A88725E67737C82F92206E85292AAADB711B6EAD6A62441ED1CFAD"
"image\map\12016\show1.jpg"	"150379"	"C48C3EA4CD489C644E7745BD22040B345E9BB6C3FB33DD7BD6095641113E711A"
"image\map\12017\back.jpg"	"43108"	"4C61BDA9878D6CB88A0D939C833F6E2D194D4D1CFF342DE9DF7F50DF3E09A0C7"
"image\map\12017\dead.png"	"97526"	"67334DECD14555A47BF2396C160A813C627FFFF90A20FF65ACF4D162CB5B39AA"
"image\map\12018\back.jpg"	"60102"	"3647D5E059BF010FF33BBBE8A668E164C39534549F72EF90CE541A112D6E993B"
"image\map\12018\dead.png"	"122066"	"23DA432804F47E3E80D49456133D490B235609A5E492F156D25B4216869F67DD"
"image\map\1202\back.jpg"	"106629"	"A50BCE3236D2B1EE28DED40C7AA57A253667603AB54C0BC53A73D50B56BC560A"
"image\map\1202\fore.png"	"289645"	"B0D3E1248AB419407C621F713142A7CB552A1F5B39E75773750E567D7B342903"
"image\map\1202\icon.png"	"3201"	"82AB752F08D26BA531B6D4F9CD4FD694F033E89957308B2AFE81E87C54F37D29"
"image\map\1202\samll_map.png"	"22239"	"826CAF9F41DEB8A5FDEE6E4226EC72D1796F968DAB98CD821A5ABE2317356725"
"image\map\1202\samll_map_s.jpg"	"8842"	"940BF31815661B2788A260E1937F47EEE792C56933878D4386319F4D1C853969"
"image\map\1202\samll_map_s.png"	"34041"	"987D297BD794077118A7F3901951EE53F0A5559EA82185387B30C490DEFEB6EC"
"image\map\1203\back.jpg"	"162290"	"C5B41B57406693E29C55359A2BDD454A95A25D87D5AC84D039EC6098AB9BB43F"
"image\map\1203\dead.png"	"102624"	"A322966DB1AAD86921C8D6786A32DFAF4F22E33BD98DD5998F43512265601E2A"
"image\map\1203\fore.png"	"104788"	"9926CBF4A4519A708A4963DA13E5081FA462CAC363582C12A2A2AA487D4E5153"
"image\map\1203\icon.png"	"2155"	"6AD267C6F3B55E68ACAD3EFCCBDD8B49E043B70273D46AB83725B200CF6908BF"
"image\map\1203\samll_map.png"	"69988"	"561A9C22C9963F3E9E32C9511D57F0FBD18FACB0F701A81D5EC071F130087523"
"image\map\1203\samll_map_s.jpg"	"5433"	"58EF35BC82DD1F05CBA599BF63C9E81B298312951AF09C55F0B3013391DC2A38"
"image\map\1204\back.jpg"	"181235"	"E876FC553D385FCB9D9EED7F6D989B1E63A0BEBFE5FA61D55F2ABDC6E0A4AC2C"
"image\map\1204\fore.png"	"457779"	"46F63A92F19FEABDE3105D532CAC2577AD1ED66AD7C87912F1B0C6096A691D79"
"image\map\1204\icon.png"	"2994"	"EC531D48257EBE18D147AE8BAA09BCF4B0D10B6B94BB8D01BA8660811863F712"
"image\map\1204\samll_map.png"	"17645"	"A77D3FDEEF9C7A01CDA55901AF49C3D48EC7ADA19E6E921CFF5C6C3C8649E737"
"image\map\1204\samll_map_2.png"	"17645"	"A77D3FDEEF9C7A01CDA55901AF49C3D48EC7ADA19E6E921CFF5C6C3C8649E737"
"image\map\1204\samll_map_s.jpg"	"33205"	"770B0E9C3B1732D93B2AF215BCEECF29F4298DFF5E7265E89C299675BD6D2B13"
"image\map\1204\samll_map_s.png"	"32692"	"D274BEC3471038EA46EE8068CB52B8E7BA27E15F6E397A2A6F3C70F502E42710"
"image\map\1204\samll_map_s_2.jpg"	"9359"	"899558EFC425068001D544EF854381297A3CBDBB06BD16D7582588E6CF404BE9"
"image\map\1205\back.jpg"	"114199"	"3C96C5516EC83C3E8657B312983A8816C769284025683745B4B84E2D54F8B067"
"image\map\1205\dead.png"	"102624"	"A322966DB1AAD86921C8D6786A32DFAF4F22E33BD98DD5998F43512265601E2A"
"image\map\1205\fore.png"	"104788"	"9926CBF4A4519A708A4963DA13E5081FA462CAC363582C12A2A2AA487D4E5153"
"image\map\1205\icon.png"	"3401"	"04D32FDAEF7FF3A5843F66A4C6F0CA51A36A2F552BC0B9D54C60883832B12C30"
"image\map\1205\samll_map.png"	"20570"	"3AF6A4B4C5C0CB7B617F743B7B8AB213B25583DEC48EDF8EEAF4A1C5304DEBB3"
"image\map\1205\samll_map_s.jpg"	"10042"	"22E939BBAF553D5936830220B08F44CA36244773A0087665A4CBC343612F4EBE"
"image\map\1205\samll_map_s.png"	"35863"	"4B819BAFDDC68C7251488E8F4314651FFCC5C50989A2E44E48B71FFE01968D17"
"image\map\1207\back.jpg"	"63517"	"E4FB5FEDC131DC9BDB43B834ABDB5C84C39D14DF10356501B9A3DF77D3D9EDE1"
"image\map\1207\dead.png"	"203033"	"DEBFBF870A7171A9886281F107333958D02A141E67A9BC1F2A4C02465238D3D7"
"image\map\1207\icon.png"	"3222"	"D52FBC2F7F391DB1562D0AE04688F05E9928F5635D22C3752FB28D7FDF25EB34"
"image\map\1207\samll_map.png"	"18639"	"7638A2B18B1346B1E658D5ED64991B756A01C3CB755793A69887406AA7E0C84D"
"image\map\1207\samll_map_s.jpg"	"190396"	"6D26344BD4BD5C360FEDA45361F58FD945A8E45EFAAE9F36BCA7032C3EE88801"
"image\map\1207\show1.jpg"	"150379"	"C48C3EA4CD489C644E7745BD22040B345E9BB6C3FB33DD7BD6095641113E711A"
"image\map\1207\show1.png"	"204350"	"1D93B5539957D64BA464FCC90AF62984AAC6F96944134F6EB4C15F996D19603A"
"image\map\1208\back.jpg"	"112335"	"509A2C1499F87F7581A575BB6CE2ACDE465E7B1A3E836ED937049FDADDF46EF3"
"image\map\1208\dead.png"	"217174"	"4BC4EE69031A913F7A1AA4D03EBFF28BC290CD07622B9AF30A25907F5F265166"
"image\map\1208\icon.png"	"3222"	"D52FBC2F7F391DB1562D0AE04688F05E9928F5635D22C3752FB28D7FDF25EB34"
"image\map\1208\samll_map.png"	"16532"	"C9C2D92ADB39CC422F2847D083BBC4C8878DE203090F200CC171841DF2BE6089"
"image\map\1208\samll_map_s.jpg"	"184306"	"9C32DC7866D046BB2D554C8777AE468C848486AFB36D34ED7611834783749A48"
"image\map\1208\show1.jpg"	"150379"	"C48C3EA4CD489C644E7745BD22040B345E9BB6C3FB33DD7BD6095641113E711A"
"image\map\1208\show2.png"	"204316"	"02A94FCF03F569121C5570CEFC236C52CF4EFE8992437D863D319EAB0BD1F166"
"image\map\1209\back.jpg"	"136346"	"AFB387E581020E9FCF86122FE97507F638F411CD7F52B25656C115B0A03FC17E"
"image\map\1209\dead.png"	"237152"	"14A4B80280560530B03EF388A371A9A4442FDA49540FA33F58ABE312D36F4557"
"image\map\1209\samll_map.png"	"18212"	"1CAD1A6AAA0AF3FD3AFB59B544D5ABAF0B539D3D423345602640DF62C8E30E2C"
"image\map\1210\back.jpg"	"70336"	"43D4FE188D8A759E1E2935C69B5C203555085F6A3EB419E84E00CE61C27F5DEF"
"image\map\1210\dead.png"	"209258"	"B62130A269B8A7DE02AE26F0B93AE0B7AA9F4A2662D6E104A4140743FF1D0F84"
"image\map\1210\samll_map.png"	"15425"	"272E58F90E79D6118828870E5CF527B8053EF4A477406D8787970A9A455DAD25"
"image\map\1211\back.jpg"	"185116"	"44DC1751BEB10F93BE0214FD117586FD4A84636CA917920931132B5E5DA5787C"
"image\map\1211\fore.png"	"309604"	"4514E7C41D606891E7D9CB710A9D1F33CD4E69B8534DB6BBF5B50E0C28CAF3EE"
"image\map\1211\icon.png"	"3231"	"F9B13B60383D42B096F86D7F52EC2E638CA4536C75AFF010D15604A098D2CFDA"
"image\map\1211\samll_map.png"	"18372"	"9BBF5779E741C6A5DEF81A6DDF748A5FE77F769C42FFDC09F2A7717FF6912EC8"
"image\map\1211\samll_map_s.jpg"	"8647"	"7DE0FEA2548A71E761809561518B5B916EA19596DF24EE018AD0BC60888ABF68"
"image\map\1211\samll_map_s.png"	"32507"	"0055281BF25CB625F84B5CB8675ECE675030130803646C943578E44A86831EBD"
"image\map\1213\back.jpg"	"40593"	"5D516588112C62E014565A24D40038C505C45F5263596F137491D400F47E3D5E"
"image\map\1213\fore.png"	"187159"	"328FDAF6CFB17AC070BED8396BABF3DD37E0C0A8F7610D24472A8A9299B53CD5"
"image\map\1213\icon.png"	"3129"	"38193FE20854E7D8374D0368384B49BD3F08E35250122616B72848F0E3D9F14D"
"image\map\1213\samll_map.png"	"13904"	"EBC3D6352ACB167CB0074552ED8D6704088FB49D48A891EDD0779DE55DB4C60B"
"image\map\1213\samll_map_s.jpg"	"30987"	"40B55685E6C49BEF373ADEF90291CB050B35FC13083B8EFC15918EA148F21622"
"image\map\1213\samll_map_s.png"	"31972"	"67BE34AE538B329AFB438C16AF0B9852365253BC5CB53491E7002C5FBBBDD703"
"image\map\1214\back.jpg"	"114857"	"856F0E52ABFE34013C39547C3F7E2CA69DA2CB0694022870A27862F1BB1270EA"
"image\map\1214\dead.png"	"162639"	"43CAFE9A14EA925A8EA846A536DEB64ECB76AE6FFAC09BF8B3A63088633D4F7A"
"image\map\1214\icon.png"	"2498"	"762A6AE441276839FFEBF0526E09D8C48B4AB2323752FF342D4ED8AC2690228A"
"image\map\1214\samll_map.png"	"15698"	"32AE6D5C8F5AF010E22C3B1BD15DBA56FDA2C60A9B54FB781D7BDCFD2D80CA80"
"image\map\1214\samll_map_s.jpg"	"3306"	"30136F7E83ECFAA5E32C39B2FEF5351749D616BB0FAEFC77E6B814D8AE43C527"
"image\map\1214\samll_map_s.png"	"12129"	"057F3161B1F700543D44E48B87BE43BD0CD2953CA9794700D6D3777DBBCC26DB"
"image\map\1215\back.jpg"	"114857"	"856F0E52ABFE34013C39547C3F7E2CA69DA2CB0694022870A27862F1BB1270EA"
"image\map\1215\dead.png"	"237843"	"3C99BE43A072919062D506DDFAEE9E9F6AF99CF095961C93C7993123011A8F18"
"image\map\1215\samll_map.png"	"15698"	"32AE6D5C8F5AF010E22C3B1BD15DBA56FDA2C60A9B54FB781D7BDCFD2D80CA80"
"image\map\1216\back.jpg"	"114857"	"856F0E52ABFE34013C39547C3F7E2CA69DA2CB0694022870A27862F1BB1270EA"
"image\map\1216\dead.png"	"173417"	"CC5D971425BF1ED6A25D0BC6349AE708D1EF3B22BD4628FADAB68051CE2C98DE"
"image\map\1216\samll_map.png"	"15698"	"32AE6D5C8F5AF010E22C3B1BD15DBA56FDA2C60A9B54FB781D7BDCFD2D80CA80"
"image\map\1217\back.jpg"	"137193"	"940DEF1B49F9E65672E9A6392A2C1EEB2E092D25F391BD80C4042948751194CA"
"image\map\1217\dead.png"	"203197"	"5D5D907DCC506CDAC37C2EA0723370F723BD6E9F865A779BCD4AAC1AE6EBDD84"
"image\map\1217\samll_map.png"	"17054"	"49E58434D19386B1CFA9ADA44BE003989E9101BBF24F5644FEB48FEDBAD15BEF"
"image\map\1218\back.jpg"	"69364"	"E630FB93542119CA616C59DD2207BAF9393FCF0E0916566278D9323CBE4D50E6"
"image\map\1218\dead.png"	"203197"	"5D5D907DCC506CDAC37C2EA0723370F723BD6E9F865A779BCD4AAC1AE6EBDD84"
"image\map\1218\fore.png"	"277006"	"A560330976528CBB581E13162B045FE83739887BDAB5F7D7024FA37494AFFFF7"
"image\map\1218\icon.png"	"6087"	"CB524E0B5F7193DFC1429C657DF00A1FDF37FCB5F353BC3B1E20F65F2BEE38E3"
"image\map\1218\samll_map.png"	"19795"	"1AF623BB7795E2D15253BA5E93CD8767EA30E3CCCE47A8C897B95AD3E7BAF118"
"image\map\1218\samll_map_s.jpg"	"9039"	"B48795B4F041F9B6DDC9C83294858E44AE628155A3BB73FC9426C5F8D2E20F08"
"image\map\1218\samll_map_s.png"	"33868"	"B970C9A27EEE41AB2D722A808C4BA6063660FC08D9246599886B4DD707962443"
"image\map\1219\back.jpg"	"103923"	"FF36A3028BE35DCE3BA426B7C412FBF8DFBF3F6D2D5CBA6109C372100C25E614"
"image\map\1219\fore.png"	"349662"	"6C08D90FEA82275FBE7F0C88602AD530FF699A2CD5F94235E89C9C9524456B2E"
"image\map\1219\icon.png"	"6075"	"66FF1D5DDFE8F2539AF0A831B57CD569FD6E1EAC38DF8B34E3BBEF05ED52F1F6"
"image\map\1219\samll_map.png"	"17378"	"C70F582C9AFB693381795EA38AD9BD14636F9D88A2480F1E743AB0651BF18B75"
"image\map\1219\samll_map_s.jpg"	"8042"	"74F29B81EB6BEB50A7A1B551B4AF4B0577E38B7393AC660A666AF8D0DDFB8F01"
"image\map\1219\samll_map_s.png"	"30935"	"66945F0D5177AAED09662BF3E8B4352EA3DABC031C529EB606CADEA270ED7258"
"image\map\1220\back.jpg"	"102003"	"107C30D8B4F3C40658B5D91CB9E33C16EDB0131662DF913C60FD529373FFB843"
"image\map\1220\fore.png"	"276526"	"4381E8ECD84366012C30F400546C943FEE8D85376181852D37B7825CB01A1DD3"
"image\map\1220\icon.png"	"5405"	"E1D5BFD2BBB590A822DEE50F339FBCA1565F81EA5EA741362A1570E57E0FED1F"
"image\map\1220\samll_map.png"	"18315"	"8605EF25B949281E3B573C7D3D49EB9286DAA7B213314BEC0B4150E5A5BE2E03"
"image\map\1220\samll_map_s.jpg"	"9567"	"DD1DC56ABE3E897F59B6C962AF3C3999E6CA6D291184CD9D7331B3EC5E2DBFF6"
"image\map\1220\samll_map_s.png"	"36176"	"DD2BC0D1AE66319846CA6AC40DFA0B7B237203C60757E757BD1A13F8151EA170"
"image\map\1221\back.jpg"	"47671"	"A14DD2D8B2058B7D7586D99610C40BE3AFA99445E5096AF65F54AD9CCD5C6976"
"image\map\1221\fore.png"	"251173"	"28B6A9221CB0BD632248E9D1F17914487E3A1B90D02529B7F21E9E44A2904548"
"image\map\1221\icon.png"	"2162"	"DA17B86D7156E458A1BAB1305CF55AB318BBB691E62E60DB36536F08231A300D"
"image\map\1221\samll_map.png"	"16008"	"EC66110F75AC8C4EF4C91C8AA0D553AA71FAF41AA27E9B7E066CA680E2AA224A"
"image\map\1221\samll_map_s.jpg"	"3114"	"75358BDEDEAC03D5D15EF54CF3863B794E70111BD9D75033B77429593BB41128"
"image\map\1221\samll_map_s.png"	"30319"	"97142DEA64FFE77CD5C94DF2F7760E5FE548C457A5C4DF8E0F3F3C94179DE138"
"image\map\1222\back.jpg"	"33644"	"14AAB4315559F714C4B3A030256057AF045F826BAB218134F41BABEB2C6D9855"
"image\map\1222\dead.png"	"161752"	"96C04CEBEE1769C4DEAF7AD813F3DC62BB28E4E751C8BA2535A473DA9BB0FA91"
"image\map\1222\icon.png"	"2559"	"EFA84024990F332BFBAE7B056972B56893242AC97CB4836E246A7422D8414D53"
"image\map\1222\samll_map.png"	"15247"	"B49DC2849C2CC99C675CA7A7C48D1A881F64A1C706EA9B126D1F91B36F1D6D44"
"image\map\1224\back.jpg"	"59265"	"C254050B8E014A87F95B093493E1A0B5F2806A07BD61169552F23918F4E24B7A"
"image\map\1224\dead.png"	"210361"	"9849D2965C79873C3D10219AD74D78CDF33ED3A13781BF6CEBD57AFAAECBCA54"
"image\map\1228\back.jpg"	"88096"	"CB8A150DB5647B099C398A22527C09F9F0F7B9050CB0B550426DCF09C9FADF2E"
"image\map\1228\dead.png"	"247206"	"FD2FC08B077A07377B7638B9D548D619332B510740D2BD802DF5C0B99F95CF42"
"image\map\1228\icon.png"	"1688"	"C64148AD99FEF0BAB4F69EBA40E620E3353F24CED8A4559724BFD6C28EA9DD7C"
"image\map\1229\back.jpg"	"29493"	"760F82C29C22158C0D7357BC67599EE0B804DE3F66917E3FCB1ED44B4E82753D"
"image\map\1229\dead.png"	"202396"	"2F3BA4AB3A510376574334C16290DC2C9AB6AB5E16FF031F8780866B6F06946D"
"image\map\1229\samll_map.png"	"12405"	"51119B1533BB1E1748DAF0672ED1770ABDFDACA7F5C47CD4DEC31A78E6237046"
"image\map\1232\back.jpg"	"33199"	"749F09C05C4F6078F0C6FB0DDC5E05DBA3281FB584113B3205B1A4908CEB1178"
"image\map\1232\dead.png"	"230167"	"617CA4FDC8841B9801231D333523D6196692A5C575E60087A5BFBA9265595E8E"
"image\map\1232\icon.png"	"2524"	"E3F6F44748EC41E81882C81B28372E92C51D3F3CBB8ABC42775A256A046B8ECB"
"image\map\1232\samll_map.png"	"16001"	"2D62F4DA2F0FFB7D75FC8797D206A707000D20A55B5CA048FD19C0D95B13B179"
"image\map\1233\back.jpg"	"38289"	"DBBF2815C6BF3F8292A304346036CED939F8215057E53A829E18986F37EA6A0E"
"image\map\1233\dead.png"	"134672"	"656A425791BFA52B532EC64BFC646DEB23363AF1178229508399B13FDE601BDF"
"image\map\1234\back.jpg"	"37786"	"AE64EE30F3087D3889A57153A0FECEF97BC5F832D336F501B96D86D0049344CE"
"image\map\1234\dead.png"	"201606"	"58AB730B4B07136F0934F8EA2475BB2F58688FA96036063865170105D99111CC"
"image\map\1236\back.jpg"	"57664"	"2B0D10BAA497271C7B851727C707C4E570CBDAA142B0B274CDC84AD7C1705101"
"image\map\1236\dead.png"	"191143"	"661B42E2D087A6C2B50D64FCA3D03956EEB83C6B83A4FD8569F89ABEE111EC39"
"image\map\1237\back.jpg"	"34390"	"8C46C028928D9F423E5C5AE50D162A683810E5D8EE1F846B18E2CEB78F40E407"
"image\map\1237\dead.png"	"290515"	"4B400DF664F1A76E186DBDAC35E3A08F21628FC5599A73E795053D8084758C89"
"image\map\1237\icon.png"	"1374"	"3A20D3AF88C4C68FB8DD7D6F014104B038D3E8A9BA84EC901F0FDEA0EB81608F"
"image\map\1237\samll_map.png"	"12863"	"19A00ABAE3E5FC1110196CC1CB0EE5D5E7FC94B834E83CA3D04EB45F9F24C907"
"image\map\1238\back.jpg"	"51766"	"7B47162C9B12F77B67182A151206F1636E20F5A218DC83CF2CAA4EB1371A4921"
"image\map\1238\dead.png"	"159426"	"FA8A256B56E337F275444D32B994AED5586D7448E7443DE4A47FFA32F0F41AF7"
"image\map\1238\samll_map.png"	"13733"	"EE44FDDF6570071A8F77B38CA6657FE9DCBD3AAD77647AE8C58CA7A3C9D6CACB"
"image\map\1241\back.jpg"	"63936"	"E376F765196FF1521E0BA7BB9D04AAF7083571A05803E18FB49873641FDEBEDF"
"image\map\1241\dead.png"	"151078"	"2430F6EE46967D84E534BED604D183497CC8BACF16DE075343F7B1FE0A2F6050"
"image\map\1242\back.jpg"	"97896"	"DE926576A9195360E6A067718C64297210FE814D66AD3EF747A7B74CF609B3F5"
"image\map\1242\fore.png"	"264102"	"212B03A36D790F0592C487490FBF077982364A0E61853406E8040270E0957B4B"
"image\map\1242\icon.png"	"2422"	"B17D441D8AB2824ED8554798B63DF67929418A6E6901C09E40A871B789B6EC69"
"image\map\1242\samll_map.png"	"19447"	"AC5BCC258FD385E120945D63978082AB56A58E82B79B55054440DEB2F20B89FB"
"image\map\1242\samll_map_s.jpg"	"3401"	"C3FE5D25F308C80FCCC1B4244F7A768345076E816BBC2D5F59383F2EDA4D8DAB"
"image\map\1242\samll_map_s.png"	"3401"	"C3FE5D25F308C80FCCC1B4244F7A768345076E816BBC2D5F59383F2EDA4D8DAB"
"image\map\1243\back.jpg"	"26519"	"30DFFB35CBDAC07EC0F1C2EBC48498D385F2FDD25522F9FCDBEFE5287344E7E4"
"image\map\1243\dead.png"	"132076"	"CDAA2DFF729434381E1784EF1A1E2879F5912245CD951FFDDCD66E7CF856AB37"
"image\map\1243\icon.png"	"2890"	"4A160410ACE732FF8AEE101B6906C71A21C57A5467ABB114487CAD420CF26AF5"
"image\map\1243\samll_map.png"	"12856"	"169F51A9ECB902B06CF8C92B1869AF7C5BCEF5ECB2A093D2DDEA230643ADE4D1"
"image\map\1243\samll_map_s.jpg"	"5643"	"81A5CD9DF0654BBE68CBF5DB3ADC31207AF45229A12898C82238DF6B73046865"
"image\map\1243\samll_map_s.png"	"5845"	"1241010ABC6E082D33C79A68CEEE94805734F6138107FD34868E9547897503F4"
"image\map\1243\show1.jpg"	"36715"	"0917223DA90CCA4995AFA511CE79D9BB81B7B744622EAC09D088C45D7D619E6A"
"image\map\1244\back.jpg"	"69939"	"4C4098A267B7A445B2C0620CB8F4185C147329B58200F69BC3FB3548F215B6E7"
"image\map\1244\dead.png"	"173871"	"EE61EDDB42DE68870E165CDDD48BB95B9C1343F2839A59171B67D0D08B58AAE6"
"image\map\1247\back.jpg"	"69133"	"3F92A0BC6F2826F5EDC311CDE3EC28B7903B88374F237752CA223D147F29D8B9"
"image\map\1247\fore.png"	"551442"	"317FCF554B880A2A9699E4FAEBD007D150663070A7AA608409B2F34EA87C81D6"
"image\map\1247\icon.png"	"1945"	"733D07E6E5080B1E575F2D084A33C036CC03A470DCDA7BB6D35A2913041884C7"
"image\map\1247\samll_map.png"	"12055"	"033E2DB2CDFEF82D6A317A2CE259E1EB0010B4583A199EF62409A9C22603356D"
"image\map\1247\samll_map_s.jpg"	"3022"	"9CDBE530B4FFFF1C44890BC523962FE9A4CD35C9D1F8DB974BAF6D5F5AA89052"
"image\map\1247\samll_map_s.png"	"7270"	"3AD088466FE66F353DC3B6B4781721C648B7EBFB7BCCE478D45DF219F1C2D104"
"image\map\1249\back.jpg"	"53857"	"3EC2250B2AB451916C89A37CDA78A06222C0D8EC09EE6596923A96E3E7BBCFB4"
"image\map\1249\dead.png"	"188474"	"DB8C0A51AF107B69016CB00EF4CD511F25A7923FA563448554B857E1945D928D"
"image\map\1249\icon.png"	"1451"	"A6D0469154EE4152DA125578F1A40EE206CD12950FF523B61B0DD8415D31FF50"
"image\map\1249\samll_map.png"	"17298"	"B136573D7964BE6A5FB3DE467C305F84E248C6F3E7C9A83EB07F1F58816ACBBF"
"image\map\1250\back.jpg"	"69939"	"4C4098A267B7A445B2C0620CB8F4185C147329B58200F69BC3FB3548F215B6E7"
"image\map\1250\dead.png"	"173871"	"EE61EDDB42DE68870E165CDDD48BB95B9C1343F2839A59171B67D0D08B58AAE6"
"image\map\1251\back.jpg"	"45487"	"F320952BEF3731A008BE9003C058A38F587E0F54C94770C41B9D79E92E79B2F5"
"image\map\1251\fore.png"	"498752"	"93A84016B979139D3F36BCEDA26934288E7F2BD833B0F51A690FD39AC79A9FB2"
"image\map\1251\icon.png"	"2833"	"19BD783659D1066922A5699D57770B0C8E68F27B8E888011BC9300146818560E"
"image\map\1251\samll_map.png"	"16367"	"F2E8FB25118192E3D58F54CC4E4A8DFF5277164D61FC60AB8913CAF60D32E00F"
"image\map\1251\samll_map_s.jpg"	"3291"	"AA60AB472B512DD9F53763851D7026C50758E3376D7BD9D907508E7A4677D609"
"image\map\1251\samll_map_s.png"	"5197"	"2DFE7456C366C3197F3144CEBB18ECF6295F6A29E0461C09B8081DA7560EC2DD"
"image\map\1252\back.jpg"	"61920"	"07D278817860C7D7523AECBEFA96D7DC0C68C72EA779B2B490C2E15B75C9EB7F"
"image\map\1252\fore.png"	"766152"	"1D15E82B53EDCCDBE6A91309ADB56A7117B115D0DC1D12DDD939E13CE2556D4C"
"image\map\1252\icon.png"	"2740"	"69587E64EAA1E6678D18FF65BF61FBD7488D5617FBD36786CC5B9AA381472195"
"image\map\1252\samll_map.png"	"17293"	"2BD64665DB4F9FAE1494C87250924C0FBB011D079B521E02BF5322AAA50DE39B"
"image\map\1252\samll_map_s.jpg"	"3222"	"DC133C7D1CB6F56A736EF1D41C3F969888FA636B34173CDA390929AB3C709AC6"
"image\map\1252\samll_map_s.png"	"5134"	"E3F2829420324B4B0F6FBBD010F5288232EA74885AC66B3BCC671F66BB4AD734"
"image\map\1253\back.jpg"	"54876"	"B9C1C9A828C874C531DD7F9CBA2E04C3414D24DBEE74CEE5BCC9C6DBA38F9709"
"image\map\1253\fore.png"	"580551"	"2E7C7D61A9620508C046A0F0AB61CB209BD68829ED983AD43DF5CFF362C6CAD4"
"image\map\1253\icon.png"	"2618"	"236E78E8B9862357D4B1F20AF0A92C8B521A2B4C2551B6A07D9D0433B67AD549"
"image\map\1253\samll_map.png"	"14765"	"320586C1FEF1227ADA1714AD878972C773A4F10324BAC4E617CC54D8E2D9E9EC"
"image\map\1253\samll_map_s.jpg"	"3038"	"1C5D84F062B214A092C57018C4295B0EABD25EC0619C87BC323CF1D7324D08B6"
"image\map\1253\samll_map_s.png"	"5184"	"AEE1CAEB0F312449D47E97DCC8A671A1F797907667046279876CBEA9AA7BEE2B"
"image\map\1266\back.jpg"	"135729"	"5721005B704AF4392A393E0EAEC5ECC9A97FA1892584B02A0BCC9BED6C6F25C0"
"image\map\1266\fore.png"	"795453"	"23AC9954470E323453DBE01EDAC7A236D850C143DF6F661531BF94E144BBDEB7"
"image\map\1266\icon.png"	"3744"	"083E962D868BA851EFAD8D56A2FE828A16E5B1EE15CB31298E2927F526667B67"
"image\map\1266\samll_map.png"	"15728"	"802B210ED92EAF773E730F1B5055EE564796A91F86C4E58E8E1B576F15FBB10D"
"image\map\1266\samll_map_s.jpg"	"9199"	"F48E4EF400347C280E8647E9318F45F8EDE3E75A23EA827EA4AFDF133EA1CD7D"
"image\map\1266\samll_map_s.png"	"115782"	"0AFED8DAC32FD7F8590E7B2EE4F8847B9E5F0CF3A2B09C9111A3027856E550F9"
"image\map\1267\back.jpg"	"82788"	"8E655BF87592D2CEDEEB806873B1ECD35DB2F3875D9754AF99EECF6300064DA6"
"image\map\1267\fore.png"	"318667"	"A09D8612B0B5154CF034051B7D00E856560E3F3AAC75270C31D1AA3A7C0D987B"
"image\map\1267\icon.png"	"4071"	"745BD7D06C259570C682399306A547B9FB5EF30A31ADAB9F1DA964BB7D038BB8"
"image\map\1267\samll_map.png"	"17877"	"2D4E7853374B3E6C227920347B2B319BCA3ED61125773EC5F9D34CF7AD05C0CA"
"image\map\1267\samll_map_s.jpg"	"9796"	"71BDFB77F223FA993A6E057FE5335602DB99DA7B6D030A600AB0C6CD5998B020"
"image\map\1267\samll_map_s.png"	"117329"	"7F7EF3DBDE820E17DF892FA77A2119EA63DA62E8496F51FFA3FEDB045F4CFA19"
"image\map\1268\back.jpg"	"42326"	"74856D6FC4D66BF77FF36746D054DCAC4E0A53C37E1C1A5559CE50B803B16051"
"image\map\1268\fore.png"	"434115"	"DDD89472C5157EE7693021EB6F5E01BAD262A2B4D41D148DB9B00772E70FD7B5"
"image\map\1268\icon.png"	"4089"	"2D8DFD6326499B133809B8C1CF5C3B5F0F5F185F8FE387397F40F4C13FCECB35"
"image\map\1268\samll_map.png"	"18215"	"0D63E724786BB7C09C07284B86A90E38F5F305B1D8C831851DB15B1CDE8474A4"
"image\map\1268\samll_map_s.jpg"	"8983"	"1D815A1F9C8F85F85C96EDDB09E8E7F8639560BDAA1F0563CEC135B51DE99A73"
"image\map\1268\samll_map_s.png"	"114966"	"38D447B79CF31A2EFD67B1EF12D9E6F31DBD409905B273F1E322B9F31278EA61"
"image\map\1269\back.jpg"	"69717"	"EEA0FCDAB1F9FA5D32BE140BA3A321D8151EEFB34B71D58D6B1C28B37DF44DAC"
"image\map\1269\dead.png"	"267688"	"3EAC60A341ECA5085048BF724A0B0F8E5E21922ADE9D44DC904D5716DB4543A6"
"image\map\1270\back.jpg"	"43897"	"D02B719C448B881C7C7ADCA4AA0D8AAAE01ACA5882323869E8BD75842EFDF073"
"image\map\1270\dead.png"	"264538"	"05E74BC5B798ADCBD7849824F6AE6E3C6D5FD9F91A11FB5EB26304CBA7CBD0EE"
"image\map\1270\icon.png"	"1621"	"AE5A42CD39E4FC1440D9360184849E69E56B5A2614463458D5DACE23E5C6D79C"
"image\map\1271\back.jpg"	"30484"	"AC03BF5FE365577EEAD09D17E897E8A0725EBB4C6D4C57978B80C798948F4BD5"
"image\map\1271\back2.jpg"	"53857"	"3EC2250B2AB451916C89A37CDA78A06222C0D8EC09EE6596923A96E3E7BBCFB4"
"image\map\1271\dead.png"	"263907"	"1971C4FD2A9B94014CE343386C9B8B529B59718D754329C6A6E53EA2DC77D786"
"image\map\1271\dead2.png"	"188474"	"DB8C0A51AF107B69016CB00EF4CD511F25A7923FA563448554B857E1945D928D"
"image\map\1271\icon.png"	"1451"	"A6D0469154EE4152DA125578F1A40EE206CD12950FF523B61B0DD8415D31FF50"
"image\map\1271\samll_map.png"	"17298"	"B136573D7964BE6A5FB3DE467C305F84E248C6F3E7C9A83EB07F1F58816ACBBF"
"image\map\1272\back.jpg"	"40739"	"C40CE563501326E6086642A7A4A9D3D0DED47DCE099CAE2AAAF84F3DE9F4F9B2"
"image\map\1272\dead.png"	"214334"	"5E7FFF03E9BA477A7156EA0C0323ACD4E87FDC908420853E8DCC7F7DC98AC32F"
"image\map\1273\back.jpg"	"57715"	"2C1E989CD0A2CB04151DFB7AACE3E5C6B7AD6D30C6829A93861C5E7C4E4B510B"
"image\map\1273\dead.png"	"230684"	"A96BCB54196B2ABB623C84DBDED6D25AE7D586A277781516C1BA802956C416C2"
"image\map\1273\samll_map_s.jpg"	"2757"	"370FEE1D974862CC1826167E01A1E04B9D6AFA863F419927F465B63128998D3C"
"image\map\1273\samll_map_s.png"	"2757"	"370FEE1D974862CC1826167E01A1E04B9D6AFA863F419927F465B63128998D3C"
"image\map\1274\back.jpg"	"64550"	"7B180F5393A8EA87D8123FFD183E2CDA9A4FAA9DC4ADFBEC80A16E23CECE6947"
"image\map\1274\dead.png"	"271247"	"C1515452C88F1956DB887376BFFFF9FD112A3D4A2188419D183BC5258DF7234C"
"image\map\1274\samll_map.png"	"25049"	"63185A829A047E5070BC62ABFF682A49EE214AF73CC437A8752AEC1BD8446151"
"image\map\1275\back.jpg"	"95519"	"71F2D0E74710829290D3319DC699D87E0D6BEF0F11F758A37D2CEF592D107403"
"image\map\1275\dead.png"	"158098"	"6F1C47E986BA65C10ED3082CDCF290F4623CB8BF8BA996928108AD5C6FFCB40C"
"image\map\1276\back.jpg"	"42055"	"1336265C3804A1E39E9D9812EBBEF38B7402BC6598D9E44CECCD7F71A2906860"
"image\map\1276\dead.png"	"151402"	"8461729E76FAAE24E410415C09E6600198D9E4F025B30468944955D100FA9C5A"
"image\map\1276\icon.png"	"4118"	"3BD9889741DC69BFD830B78724CC11C61B11C0DF67FB52002CCC34208F8C34C2"
"image\map\1276\samll_map.png"	"16149"	"7FE571E1ABC846D9D3628939622E6DCFC62E1D26B90D118971F762A052CC7C40"
"image\map\1276\show1.jpg"	"23270"	"8D7F0C8166C7812868CB83E0FDCC7B28CD526EDFB2A70D5A101D4EF22F41D393"
"image\map\1277\back.jpg"	"63517"	"E4FB5FEDC131DC9BDB43B834ABDB5C84C39D14DF10356501B9A3DF77D3D9EDE1"
"image\map\1277\dead.png"	"203033"	"DEBFBF870A7171A9886281F107333958D02A141E67A9BC1F2A4C02465238D3D7"
"image\map\1277\samll_map.png"	"18639"	"7638A2B18B1346B1E658D5ED64991B756A01C3CB755793A69887406AA7E0C84D"
"image\map\1278\back.jpg"	"112335"	"509A2C1499F87F7581A575BB6CE2ACDE465E7B1A3E836ED937049FDADDF46EF3"
"image\map\1278\dead.png"	"217174"	"4BC4EE69031A913F7A1AA4D03EBFF28BC290CD07622B9AF30A25907F5F265166"
"image\map\1278\samll_map.png"	"16532"	"C9C2D92ADB39CC422F2847D083BBC4C8878DE203090F200CC171841DF2BE6089"
"image\map\1279\back.jpg"	"136346"	"AFB387E581020E9FCF86122FE97507F638F411CD7F52B25656C115B0A03FC17E"
"image\map\1279\dead.png"	"237152"	"14A4B80280560530B03EF388A371A9A4442FDA49540FA33F58ABE312D36F4557"
"image\map\1279\samll_map.png"	"18212"	"1CAD1A6AAA0AF3FD3AFB59B544D5ABAF0B539D3D423345602640DF62C8E30E2C"
"image\map\1280\back.jpg"	"70336"	"43D4FE188D8A759E1E2935C69B5C203555085F6A3EB419E84E00CE61C27F5DEF"
"image\map\1280\dead.png"	"209258"	"B62130A269B8A7DE02AE26F0B93AE0B7AA9F4A2662D6E104A4140743FF1D0F84"
"image\map\1280\icon.png"	"2192"	"7690163E27324FB2E120C1365334F3BCE04872E11F6CF3FB223D316737A7AC4C"
"image\map\1280\samll_map.png"	"16661"	"150809031F81B1E86CAD3D17E9C4BD4788323A2BA141230C1BD92DBE5347F75A"
"image\map\1280\samll_map_s.jpg"	"2657"	"0C6E6B1B93365408DA37A4F5E30E5223174A01F38C765B1AE655F5300C6CB33F"
"image\map\1280\samll_map_s.png"	"2657"	"0C6E6B1B93365408DA37A4F5E30E5223174A01F38C765B1AE655F5300C6CB33F"
"image\map\1281\back.jpg"	"45094"	"89EE632F14709A809718938221C4C9A006F6C5115C2FCA11B6ECB0F3E4A68C69"
"image\map\1281\dead.png"	"108502"	"17E2FB520406B2DACBEE0FF6560EE76936DF3FF0549D9DDDA8E258655717305F"
"image\map\1282\back.jpg"	"57189"	"5F5F133979E5432019D35BC6AFDC7BD55F041EA0303DEE01A25BBF8372D1DC28"
"image\map\1282\dead.png"	"124399"	"7084D453BD289E75A530B0D3C2A2342E128A3EB2F699993C7FA3F7D178EACA13"
"image\map\1283\back.jpg"	"49725"	"09FA55ABB8A718DA022B5257EA2076A96BC440F330D67CF6A1CD62AC3F5E7377"
"image\map\1283\dead.png"	"134241"	"A832907373768E102BF34BFE98F4C293095E3CA92BABB83D73B4F04347617EFC"
"image\map\1284\back.jpg"	"70929"	"A77F357195739269F15709E8861FC7199C6CE01FBFF5CB3A7571549585772647"
"image\map\1284\dead.png"	"95721"	"63F7B62F39431AB1A727F848D014613FA196B7B82565735692978D09ECB00A3E"
"image\map\1284\samll_map.png"	"18959"	"CCDD9C373659F8DC54BDC5E2EFB0CCF61B1B49A242358417D1DFF0349AA1C5E5"
"image\map\1284\samll_map_s.jpg"	"2887"	"FD6A141D564E5C33698E58FF97D340C97E6EEC9DA8BAA2E9062F923A2F2A1257"
"image\map\1284\samll_map_s.png"	"2887"	"FD6A141D564E5C33698E58FF97D340C97E6EEC9DA8BAA2E9062F923A2F2A1257"
"image\map\1285\back.jpg"	"70336"	"43D4FE188D8A759E1E2935C69B5C203555085F6A3EB419E84E00CE61C27F5DEF"
"image\map\1285\dead.png"	"209258"	"B62130A269B8A7DE02AE26F0B93AE0B7AA9F4A2662D6E104A4140743FF1D0F84"
"image\map\1285\icon.png"	"3861"	"B578002025747698917455E6F56C5B1107F2C65E89AF0BD04D104ACC1FE5F926"
"image\map\1285\samll_map.png"	"16661"	"150809031F81B1E86CAD3D17E9C4BD4788323A2BA141230C1BD92DBE5347F75A"
"image\map\1285\samll_map_s.jpg"	"10807"	"AAACE9B907DA9A19943D341E68EF536156A3248123C8D4B179F5D1F9F5C18C04"
"image\map\1285\samll_map_s.png"	"2657"	"0C6E6B1B93365408DA37A4F5E30E5223174A01F38C765B1AE655F5300C6CB33F"
"image\map\1285\show1.jpg"	"88257"	"8C05AE1FE0543AF09B4A2BFE921D6B437F12EE6312E8093C9B45CA54D0AF7D53"
"image\map\1285\show2.jpg"	"82674"	"30EB6B2A2E3C527AA3EFDD26238B0FCDDFB81C1299AA24284A7EC00CA49F2E78"
"image\map\1285\show3.jpg"	"88741"	"5352048F4F368FF006696D017F6365CDD2980108E542CE90698294C044395E34"
"image\map\1285\show4.jpg"	"90874"	"4321C296448B5E7BD812337579D04955D4055E23B637716C8C425FF908EA35F8"
"image\map\1285\show5.jpg"	"91232"	"0926964288FF799F0A8638E34BA812185FF9D5A8F1C9B2EE812FD2C40DED7986"
"image\map\1286\back.jpg"	"69939"	"4C4098A267B7A445B2C0620CB8F4185C147329B58200F69BC3FB3548F215B6E7"
"image\map\1286\dead.png"	"173871"	"EE61EDDB42DE68870E165CDDD48BB95B9C1343F2839A59171B67D0D08B58AAE6"
"image\map\1290\back.jpg"	"78240"	"CDBA8031CB6FEC2C7DD152C72744BE95BF97D279593216317765114C7788F5A9"
"image\map\1290\fore.png"	"234472"	"3C86437B66CA57E61B0FF195C4044DF60428C874DFFDFC182A4AFF6D4E2BB86B"
"image\map\1290\icon.png"	"2272"	"B2298A2B1CEBB1D66B787A6F9EAF8119F198CB946FA93B8BC253DCB2643DE86D"
"image\map\1290\samll_map.png"	"14684"	"088B38597E27B15740BE5DD29AEDD4298F6137A97C4547FC833E8A6B9BBFF692"
"image\map\1290\samll_map_s.jpg"	"2866"	"A81E77C67D338D700EFF14BEB719065858648DA0BB4881F40E730901ECF26612"
"image\map\1291\back.jpg"	"251221"	"746433B98AAEFFE6995051246CF8EFCAE3596DF4149439E7852F0D434BDD4C38"
"image\map\1291\dead.png"	"546814"	"F01B46924239A532249502076689B6BC9D1D8DBCCDB04D832FD81C8F4D094CED"
"image\map\1291\icon.png"	"4365"	"61861C62B4916886BF1D911504B054BF619EA22D0CD788D07CFA81EE3F2B1882"
"image\map\1291\samll_map.png"	"22903"	"D760BB53E60932195D2E04AFBAE5563FFC40B03A9556724CB1801061B72665BA"
"image\map\1291\samll_map_s.jpg"	"8992"	"33B3F65A9A1EC1DAF2F6658D4F318F2127D9FFAD6786E456DA6155A5BF2F2F55"
"image\map\1291\samll_map_s.png"	"101427"	"9FBE5331D3B68C1FD1FFF84451A85A7DC8FB68C14D7594F4A1E1269C797B5929"
"image\map\13000\back.jpg"	"76872"	"479EFFA666FC91055223EBAE892CE8E8CAEA33837D930BB97346FD12C8C1951D"
"image\map\13000\dead.png"	"76257"	"F8AB1004680FC78F658C31D98AD654006A190FA488C8267BBBCA7534BAC9A3CC"
"image\map\13000\fore.png"	"76389"	"3CD14402585A3D088CF22749C9D25E42AC39B9C25532E93BD7D8ABF93C9C7406"
"image\map\13001\back.jpg"	"69010"	"BDA94C6109FFD7D8D9B57610AE388A66593987E611CF13D3562503B7F43D9AF2"
"image\map\13001\dead.png"	"157161"	"AAAA342EAA485471D4BB0B166DA682E1B5EEBE56A880D423D76EC14147CF404F"
"image\map\13001\samll_map.png"	"77342"	"90708C1557A0169FC6366C1A447E5CF6E358D34BB23900E917053697329BCAA2"
"image\map\13001\show5.jpg"	"70240"	"1AC06EB7A205615AC4B2B588183ADD535B347F6E6027076C7BC583C984F83B49"
"image\map\13002\back.jpg"	"76837"	"F68BB79420BBBDB34D21E75C57C6A0C2B55EE86D3AF978BF18B6D0E4AF08DF8C"
"image\map\13002\dead.png"	"111779"	"0F084751B59A43C10E05E9ABCB37346C4CDC83DE9C49F889B4D90B915408F21F"
"image\map\13003\back.jpg"	"56253"	"64BE7AE473483B2C3E017B8D74B4F1DA23244F52017F0B2D0F4377A623B6A9DB"
"image\map\13003\dead.png"	"118663"	"BEC0A6CF6C9FD809DFFAD33AE005DCE3DF1F90A164B6BCE1E8370A05668E47DE"
"image\map\1302\back.jpg"	"97902"	"11CF9EB1BE754F6B4547067A9D57E3B17305B5AC3218FB23911EADD3E29DC0B6"
"image\map\1302\descr.wd3"	"492"	"D9CF0F58628989BC13749274D4625C8AFFEE410F6172F60477476F76EA7BD0A2"
"image\map\1302\fore.png"	"231956"	"5FCEC15627D2EBA3DFC43F3380F7A298B69B2FC728B7CA9F43C2FB4047073943"
"image\map\1302\icon.png"	"3652"	"02660E616D78C4A1471A91CAEA88D986F2CBA74E3E8E0F85176739D51AAE8692"
"image\map\1302\samll_map.png"	"16553"	"86A8D9363ECDEB980CD8B1DBBEEAC6A0B79B16131C2A4EB9A7CD7F94332BC025"
"image\map\1302\samll_map_s.jpg"	"9328"	"469C21D6EC2FB5698125A555AEE3DF95D88E957A50AD6DCC9EE3E2BFBE338154"
"image\map\1303\back.jpg"	"54776"	"81D5086CC0A99D0EA17CBFD003F1CB4F93F550966A398C2B8C6A38049BFEE460"
"image\map\1303\dead.png"	"482425"	"EF8763B16D9FE64069E09D74F4EB544179D79F5C15DA544FA16F6F0DC9CD1B20"
"image\map\1303\samll_map.png"	"16869"	"FB2BE2B4DECC395F5C5DEBF5C9346BBA348FDE870846397A5517E44651200B7B"
"image\map\1303\show.jpg"	"45237"	"36D652C06CA70D939E793C2D6322458ACFCF9D4BF9F7DD3957CE96F03DF0C87A"
"image\map\1303\show1.jpg"	"28763"	"C0ECF1B3C751FA381E0756763D4F0F139B2244C3E71F23980D4A7CBB689E9B0F"
"image\map\1305\back.jpg"	"195086"	"55B7E0E4D0B5806A09C451A83DA10F57CEC8DF6E2D5EF7EBEA8DF71AF23907E6"
"image\map\1305\fore.png"	"798668"	"94AD7B62A710F38FF46704FEDE04546D8EBBF53657B1BBC3D3872EF04AB0A36C"
"image\map\1305\icon.png"	"1807"	"620BE5E860305416C728D6545B49E00A31D0B4E00ED0B655BD11876184B1A5D3"
"image\map\1305\samll_map.png"	"18562"	"02C87ED70522E9FF2D8A5E7333D135EF02997662821D6B5F1CC8CBEDCB4CC36E"
"image\map\1305\samll_map_s.jpg"	"5937"	"A6F359C8465D700033F0D0228B52BDC4BFB3C484F692A5FA3147D4792AAB262D"
"image\map\1306\back.jpg"	"158303"	"71C9C2E0CE0495CE2B3F7FD836445C177F5C968B7D086642A972FFE9241080E2"
"image\map\1306\fore.png"	"490150"	"35FF2FEE87203A22E9EC918AB4E7811E97D5249EC87265D25A98B14F40A98940"
"image\map\1306\icon.png"	"4347"	"A0122E90C508A7BB659EC22312015390086F69212E7EF98824112456889C736B"
"image\map\1306\samll_map.png"	"83744"	"D760E042A2E5D49ABA43DB85CBE3234B2F60D5EB985F998475889CEF7A7EE41C"
"image\map\1306\samll_map_s.jpg"	"37837"	"FCFA36AA4C90766D0CDB44BD185BF07BDB3CDE1E7626A8C62863F31803075FD7"
"image\map\1307\back.jpg"	"39514"	"117D5500657EA606F15A5CA4AC31F45A7B9CF8832337960070F4342E335F894D"
"image\map\1307\fore.png"	"210464"	"A893F0928E048333C5979AF427ECCA435E0AA016AF687F6701C6BADB9052DC4F"
"image\map\1307\icon.png"	"2611"	"E2544699259C72D5ECB5FF91F7DB10D4AFD97477CEC1B71D157FA7E727419E63"
"image\map\1307\samll_map.png"	"16475"	"7D9F5DB332CE57A808CB8EF0A6926DEBA8E159FE990EB86FA6A7867AA5563E1F"
"image\map\1307\samll_map_s.jpg"	"2532"	"C7B9CEE1682D7D691D38E0308EC8528152EA890A917FCBDCECBE60EADC518E3A"
"image\map\1308\back.jpg"	"75855"	"71066813A9B93BC02E87F6D58DF9991337A7222A2A84B67673600269B2AC3ADE"
"image\map\1308\fore.png"	"288479"	"67E43F8C24EF1BAC208CABA315C2A103B9665B42431F0E5CAA8C2ECCE366FF1E"
"image\map\1308\icon.png"	"2360"	"E4FD25D7A76F3A529078ABAE554F46D6786CE01AE67A1C8D6EE481FE9EB29B11"
"image\map\1308\samll_map.png"	"13270"	"26C48D5DCF8335717E43C1B21F3C182A625AE8090C89929D18D9496119DF7CF9"
"image\map\1308\samll_map_s.jpg"	"3333"	"39B87064B822D634B54ECC8E2DF5FB54887B283A8C9C9B1B7D1989BAC192B125"
"image\map\1311\back.jpg"	"83299"	"DA2BBA2707726AC2B55EE6C5CFEC1399F638BFDD6F8EFC74FAF87584D3AD65CB"
"image\map\1311\dead.png"	"174279"	"AE3232BE225D16C2E94306729D2A89DB4BAF82979F7873AFF7C31FE7B93A0613"
"image\map\1311\icon.png"	"3878"	"BD50778C491C2FB6C5C87908EC76A2DE0B653AF5A8C551037622C3D12876F3D9"
"image\map\1311\samll_map.png"	"15353"	"262A25E1D72512361C6EC10AE1331AFB2F924AFD217CBE94FD77E53BF80F4E90"
"image\map\1311\samll_map_s.jpg"	"4809"	"9B6C4FE32AE7F36048FFF7B51C3AFC1724B609E9FD0E4B48B91187EF8A5A2C07"
"image\map\1311\samll_map_s.png"	"6080"	"A2E17ECA06AA3785D679D2A5B8E38465F13AE053CD0A2955E5057DC41D302A82"
"image\map\1311\show.jpg"	"28691"	"AAE4CF073D557D0F03D89A87CCECC705363223A75FA8E207A615DFF3CE17E6A7"
"image\map\1312\back.jpg"	"181151"	"6CCB7D62E37856F1977D9D9390AD712A4498538CF852C1EB9D3231E1FF9760B3"
"image\map\1312\fore.png"	"407001"	"A485773B9E6F28EC9C49A216F30E41EAAC39542744F841CDD98329CFB6BC8114"
"image\map\1312\icon.png"	"2591"	"27A2008BAFFB594BCF906034BEEAE59A3451908DF8C9BFD7EC95B303885E7599"
"image\map\1312\samll_map.png"	"14002"	"DE10C656FC6C5442C2F5320EC4E9A83DE81F79B85CA253B5AA47B82B658AC06E"
"image\map\1312\samll_map_s.jpg"	"5035"	"9222822C39882DC29D1E683E152CB2C0A1CDACA60239DA757C5DAA5CBFD55CB0"
"image\map\1313\back.jpg"	"60057"	"F594BBBD6230C7431D4D12532F2C40ACCE17C1F78359BB5EDDA3B57BB28BC4A1"
"image\map\1313\dead.png"	"277615"	"C10687B674AB7FD78E09C13AA112F0DA44C67F4730C011DC8DBFAF9546379EFF"
"image\map\1313\icon.png"	"1996"	"EBF18B45E66CA82E4135490C7E5E8BA4BECF2C051178D5759BE21A6797CB59DA"
"image\map\1313\samll_map.png"	"16972"	"FF25C81AB070A92B364253366AB550014D360DD6C302FEFF57880D55476DADC2"
"image\map\1313\samll_map_s.jpg"	"4279"	"D31F52CEDB5CA3354790E78D8D275C0FF0E9F3C84724AA4803C733A7EB8FF825"
"image\map\1313\samll_map_s.png"	"3136"	"08DE4DE570E8C677DD341943FEC5B88EA1CEF4ED38DF76B03FBB25CA09891A90"
"image\map\1314\back.jpg"	"64951"	"1EDE3FAF744E7EC08D3C1F04F03907AABB2A8199E7523F505201E06BE307F6B8"
"image\map\1314\dead.png"	"81052"	"4C34657D82F4A631B91681AF83126ECEEE1E59C6C192CF04CA0F0235D6C36127"
"image\map\1315\back.jpg"	"73471"	"A901F1309E2E93408E98F682A067626F8B9B4BF0C50FF70DA0DA015731A48F66"
"image\map\1315\dead.png"	"131993"	"596112CB5F7DAEE28A85716B1511EA0F8C5790E887F1C0A0B6C93D583E956F29"
"image\map\1315\icon.png"	"2153"	"235AAA9079E970D3536F0F6D2F71D3E03BF828FE115A66E5771B45A7BE0CDCC3"
"image\map\1315\samll_map.png"	"17807"	"12F6CA19F6845904C023EC48507288700CDD46FAA87FEA64B63F5EECB4D9E56F"
"image\map\1315\samll_map_s.jpg"	"2668"	"1AAA095A8C0023923CD5054F6BFB11126B3A927A47E488619A088E2B8BFB3E19"
"image\map\1315\samll_map_s.png"	"13082"	"6022BB9F2A163DDF499EBC9981722DBC6F13DE3E0A5C845CB78BB39EB9DFB7A2"
"image\map\1316\back.jpg"	"37068"	"30DEC953BFD928A543B0582D94C13B386156447A4CD6950E2C6C9967BEBD5FE3"
"image\map\1316\dead.png"	"147892"	"6BE0075FE459A37AED5AC350537909BFE807B237B7F9E57BE9EA7622BBDE95D9"
"image\map\1316\icon.png"	"4062"	"38251C82E77F8C0C3D61BB4C3ABE4A7462F7261EDC58F8D7C3221B927D1D6F53"
"image\map\1316\samll_map.png"	"18435"	"2CAB7CC4700D601543C6A9A6B2E3359753877E3E8BBA9F35FF4BCF02ACC42480"
"image\map\1316\samll_map_s.jpg"	"3410"	"6A86624F5093A8CA6ADA1CE23C105341751032F492BACB2BD75FAFC2A4D11F46"
"image\map\1316\samll_map_s.png"	"4640"	"6345CFC509A83B10D7900DDC0CDEF33A63B996D2A3ED363B20F4B135F1994529"
"image\map\1318\back.jpg"	"78118"	"2BF0BC8BD879903732440C280EA00B06B768CC24F95DC93F3E42214A3D5A952E"
"image\map\1318\dead.png"	"166837"	"14C9C050A9DDDB658C66F361C3032CB4FE8893FAE5E75A84AECE33C1779E7CF8"
"image\map\1328\back.jpg"	"115131"	"FF617C9BD841E1A10696AF39A197443BB0995D12B51218751ED6EF1A5FAF57BB"
"image\map\1328\fore.png"	"214326"	"2CEFF65F41E0A744A1DE135347DE2AB5A3D630A358F631EAC835DF25F81BCDC1"
"image\map\1328\icon.png"	"3588"	"DCEDE8427A367564197069C8E91F75CD785BDFBAEA85D7F80EC8CAF4672A71CC"
"image\map\1328\samll_map.png"	"17337"	"49C21B63475E2BDAA8075606EAD112B30A5A6FFE592F24CA4A6DEFC855A35A28"
"image\map\1328\samll_map_s.jpg"	"4091"	"A1A778DEC20DA3A359B83DDC28A238420C7D674446B4559EC28041357FDEB708"
"image\map\1328\samll_map_s.png"	"5130"	"56CFCC03E5BDC30CA79C9CB85C1D1E255AF6CA326C79DF183EAE3E5398D35C48"
"image\map\1342\back.jpg"	"172293"	"EA07B540D454DF39E03001BF00D45A5EC320EF40225F5BFABB95B869F910CC0D"
"image\map\1342\fore.png"	"490598"	"DD2D1BB34569294E47CF1952C4467CA9F2631163AEAF06658CE9F56180B4E6D0"
"image\map\1342\icon.png"	"4277"	"8602A3EFD60629DB05996BEC747115D9119034E3928160218EE05259319AB88D"
"image\map\1342\samll_map.png"	"14165"	"8BE7E85919A4BDC98845D6F72AD77B9B668DAB17E76010FBE058649425F67235"
"image\map\1342\samll_map_s.jpg"	"4826"	"44D5AC50806314220AB08D39195EB9A327E7AF7D6B492DD6AF7AAE6934823DE6"
"image\map\1342\samll_map_s.png"	"5996"	"5127E769EC8016F60744134BEAB930C5C09C71546848255D44B7CFD4FF6AFC71"
"image\map\1343\back.jpg"	"73852"	"E5851AA070F99B5439F1CB9BEF80D9898D00B151D2CAC24FE988E3ACA8BDBBE7"
"image\map\1343\fore.png"	"302431"	"689B0E37E8932FDC86DC341CDE511508269E3CA191B2235DDF2B0A07495CB859"
"image\map\1343\icon.png"	"4402"	"06CE4BB023293FA5C4A990AF7B88D8EAC0BDFD3453FCA2D19D27C4EF6F0BD0FA"
"image\map\1343\samll_map.png"	"14337"	"072069E1129FD3ECD61FB5602D1B6DE7107F034804ADE272FD4EFEF45E3FD4AE"
"image\map\1343\samll_map_s.jpg"	"4415"	"0EB4D5BBDBAED0A8728FAE43042D94218844222F648A79460E5BC4DC3F63B520"
"image\map\1343\samll_map_s.png"	"5258"	"13296B9F9F4B9ED693329736A8CC2A9BEF6D6B0BBF645C730BC8B9059EDCD637"
"image\map\1344\back.jpg"	"175247"	"6CD109FF93F964E887AC3FAA32CE99962E26F1C23E823EAF2A9D75D910C264D4"
"image\map\1344\fore.png"	"310351"	"859AD3B91573441A6AAB4D44AA1EF458391506CA7A70A005593F6323376BC3CD"
"image\map\1344\icon.png"	"3702"	"544ABB81B90D26CD4A5CF63619A70E367E77D227B19916B03D892FAE9DFC0278"
"image\map\1344\samll_map.png"	"18217"	"969D3C99A69E1E4592F0FABE4768DE9BD9B677B9CF8013BE68EA661B368B6C78"
"image\map\1344\samll_map_s.jpg"	"4767"	"6B958CFCA80606BA507973FB4C7D4E61421F545FE60940F3A402AA93197EBE4B"
"image\map\1344\samll_map_s.png"	"14915"	"634DD27A8BB06363A6F6BD5DD8DAD6025A56955D5381D5D96412BA095BD1A0B6"
"image\map\1345\back.jpg"	"110982"	"4279345E8C13261DD71C88D28F29D3D686DD56A84D8F8DC43370CD0AD2D06E08"
"image\map\1345\dead.png"	"182177"	"B89918FFD5E3DA3911693E88F4D07D41FBE5277C3334C25A28D3945378636BE7"
"image\map\1345\icon.png"	"2406"	"A7631168DD93091A552FE84E637CEC76897B8978FB48604FE39ED6FD41A81BCE"
"image\map\1345\samll_map.png"	"9362"	"3C17BF867847BD0109F1942012C366E13929014D142476860F875C5D3803F5BC"
"image\map\1345\samll_map_s.jpg"	"35853"	"D53C5697C188E7C4DC4EEF19A2CDC8D150C54B101FE5620DBE7E15CA18E77F68"
"image\map\1345\samll_map_s.png"	"35853"	"D53C5697C188E7C4DC4EEF19A2CDC8D150C54B101FE5620DBE7E15CA18E77F68"
"image\map\1346\back.jpg"	"146300"	"31D6FBC4FED36D6B8322CA7ABDA2AB4F09A70B87743A5F97F6AE29E4731EECF8"
"image\map\1346\fore.png"	"391828"	"1C87879C432F08026AB0102080F7414CF825237AE8B60B18D04E0B516CB3281D"
"image\map\1346\icon.png"	"2188"	"2D422F16C866C7E94C6AB52180AA558C1BF5DA769C0F17A6728D162F6C79E6E6"
"image\map\1346\samll_map.png"	"18252"	"F04AB40352CA8771B335000F70BBF19C2864E923B968B15C4D1D5344B2D6DFC4"
"image\map\1346\samll_map_s.jpg"	"5870"	"5F5A89396596197B2C6A0FD411329F2AFFD1B44325FD11F47FDFF5B2908A5E72"
"image\map\1346\samll_map_s.png"	"5016"	"930A4376D5527F6036D47EAF5B1881586AF51DAEE969CA55B0FFC68DB70BFC35"
"image\map\1347\back.jpg"	"141803"	"0988BD0BEB8D64E03E7435C55AF821EF7D8BC404A8C144CF2F216BFF743C91E3"
"image\map\1347\dead.png"	"262900"	"7E0D49A8E317569FE3B2FF2F1984FECFDC34914A267A8904A359A35CDCC87FF1"
"image\map\1347\icon.png"	"2195"	"F38A25CE8133679280F32FD0B3236749FE078914BDEA6CC4EACB74EEFD04DCE2"
"image\map\1347\samll_map.png"	"20394"	"D673885B42DB973D4FBF68CECA7588D67A5729FE07D2114F0301DE9AD4FD6A4D"
"image\map\1347\samll_map_s.jpg"	"3050"	"41372A98FAB37F32DDC4701748B08EF6F4D0CE908EECC1591168DBE05F198771"
"image\map\1347\show1.jpg"	"33577"	"467334B3A920849C5F93542CA40759A34C62B6E391862980BA67E376227DE46C"
"image\map\14001\back.jpg"	"60659"	"58C93D1847D08395D656796691CF665EC489E2840D6A7BC34142BC69BD02967F"
"image\map\14001\dead.png"	"117833"	"16CC895D878F505FFAAE0D75F00FFFC2B4711FC8EE079D23454B2A4DF545BC69"
"image\map\14002\back.jpg"	"99787"	"115450F89FA7C5665026AA41965F3093BFA7FB2F9137A96A6C3AD8395B01A750"
"image\map\14002\dead.png"	"131407"	"793DFB301BA6FF62298D957863F93D49057152844C69A469DA3D171921D3B96B"
"image\map\14002\fore.png"	"173998"	"F92AF7E3D8EC865F7DFF18C5EE92AD7E7818F71D5D7FE0B7B18473BC498611C5"
"image\map\14003\back.jpg"	"133035"	"118DD1F0800ED9B505644C4F0E6A8ABDBED1C2C5341AF73FE032F3206812FEB8"
"image\map\14003\dead.png"	"135537"	"69498258890C6101A0B095EFF717FF720BCAC321D23CB06CFB4120A17A844FD2"
"image\map\14003\fore.png"	"437331"	"3DE58A7B24F0DE4ACFFC2C40CD073AF3379DB050E6D5008B8474404E0AFD7E56"
"image\map\15001\back.jpg"	"94194"	"F6B49F07A8E116F059F62AB86BCBB09F58A750F811D7BE456190742A48227F7E"
"image\map\15001\dead.png"	"586358"	"A7BD552BE3B2E8B112850C52B50EC3945B78BF2F115499CEEE8F8F0AA101463B"
"image\map\15001\icon.png"	"3891"	"642BD3CA3D45E33B80EC6D7F365C1438DE869B0680836263DC5A98551122C878"
"image\map\15001\photothumb.db"	"7168"	"F4378ED1E99EB9F280BC1A6A0AF8B1874D61A2AA404B989F4DAAEC1E43709415"
"image\map\15001\samll_map.png"	"16532"	"C9C2D92ADB39CC422F2847D083BBC4C8878DE203090F200CC171841DF2BE6089"
"image\map\15001\samll_map_s.jpg"	"13883"	"2F23A7CC4953456E8A3DE1EB422D4497667B28152CDBC81118CFC6B9FA1FF2B4"
"image\map\15001\show1.jpg"	"203770"	"DC6D39420881BF1937AC3834FEDECDBA53894E978FA9E2F3C6A6FA9939E45940"
"image\map\15002\back.jpg"	"46957"	"B78C8770B7C0C4A48B51E53EAFA95A0249AD34768B18EAA830DC0AA46FCCEEB7"
"image\map\15002\dead.png"	"104836"	"7E8627ED8F6EE5F7362517873076DF72C722F3FE31F9133EC62C43D0C6EF2BC2"
"image\map\15002\photothumb.db"	"7168"	"F4378ED1E99EB9F280BC1A6A0AF8B1874D61A2AA404B989F4DAAEC1E43709415"
"image\map\15002\samll_map.png"	"38579"	"98474A902096C6CFE0DF2973F9D9732071B68DA4F9580CA91F2478DC73D7E593"
"image\map\15003\back.jpg"	"94194"	"F6B49F07A8E116F059F62AB86BCBB09F58A750F811D7BE456190742A48227F7E"
"image\map\15003\dead.png"	"103652"	"FAD05C55E846397BE3C2727F8D133EF9CC465944C69C69E65E1D3D4F75CB3186"
"image\map\16001\back.jpg"	"163218"	"34FC4E082A07517FE72433FAB5BC8EE8B039DB6E4AC161A8E20FDD1F63EE8364"
"image\map\16001\dead.png"	"218039"	"C4944E75D4432DE02FD2B3AB2BA0DF68C5A5DCF7B0FF40FCEB8ADAD4C46387B3"
"image\map\16001\icon.png"	"4386"	"4C978886677870DFEEA9D7AB89F00BB86A1FA924D8223E700CCBE0F9454BD8C1"
"image\map\16001\samll_map.png"	"18639"	"7638A2B18B1346B1E658D5ED64991B756A01C3CB755793A69887406AA7E0C84D"
"image\map\16001\samll_map_s.jpg"	"14699"	"A267B779A6726EF851D44321C642DF55BE0ABF0FE682EEA7692B6C3C9A910D17"
"image\map\16001\show1.jpg"	"203413"	"A8951542255F3BE9FD176B6E7E39ED1683972DA751F9B0CE49B7E70759F00ACA"
"image\map\20001\back.jpg"	"67233"	"BCA6F399141670A56C7C95F10F084D82DB7C0F6AA11E00640C24DDF9C1F6E206"
"image\map\20001\dead.png"	"82549"	"61E5E876AA5736183050A113A7CD64B6AB78B57851E5D705545C788F9F9DB664"
"image\map\20002\back.jpg"	"73586"	"F64F8487254AF1770C848D90D095A5EB0BF247F2DCACD3E1B6D6A5F8B29F276F"
"image\map\20002\dead.png"	"130718"	"0C2490FC1EC78D0173C5D40C06B1D0BF2630F2E6C443F2418F25C6D8212467AE"
"image\map\20003\back.jpg"	"280648"	"3F986E7139DDA4FE98DA16D0D83EFA02B3350567A91330407FA2FC6B3B3368DF"
"image\map\20003\dead.png"	"619394"	"1E4CF6B34FEE5A4C5FDC96C1D4F685FADD40EB2AA46C327A13E4296F152D49E1"
"image\map\20004\back.jpg"	"87753"	"DA88DA8337F84E5B8D8929B1BF6AD172D68E0780BD38B7416D46B2FB53044E19"
"image\map\20004\dead.png"	"198214"	"E760DC522DB2D6D113EFB90B7B6EC17148EF203B578D2A7C1CB0573EF85A8B71"
"image\map\20005\back.jpg"	"78118"	"2BF0BC8BD879903732440C280EA00B06B768CC24F95DC93F3E42214A3D5A952E"
"image\map\20005\dead.png"	"166837"	"14C9C050A9DDDB658C66F361C3032CB4FE8893FAE5E75A84AECE33C1779E7CF8"
"image\map\2001\back.jpg"	"76373"	"73D53C979439B79E81045842CA69C191A6E1C64836C8A2A38A8B8EB33B6D205B"
"image\map\2001\fore.png"	"1712"	"7D826C72BD6E2EB944C445F9707BA2ECC7E33A9872936E76E553B6D8D2145385"
"image\map\2001\icon.png"	"3535"	"DF03FB871870F714461E7C9013D270E1BFA083D1AFA46A095064DEBD630D7D22"
"image\map\2001\samll_map_s.jpg"	"2528"	"D667BBBA6839B36CE353A1D3DFEAAF61F7CBE81957A4B1AD7D964D4CB4DCAFEB"
"image\map\2001\samll_map_s.png"	"2528"	"D667BBBA6839B36CE353A1D3DFEAAF61F7CBE81957A4B1AD7D964D4CB4DCAFEB"
"image\map\2010\back.jpg"	"45344"	"EA7470836C62DDB4E294C12D9DF13CCA1036AAFE450A7BD7579192E27C56778C"
"image\map\2010\dead.png"	"117872"	"699EAE0E112D93A7C134850A0D01A36BBDD83CBA0E7D4E1DB733A83A65A4D5BE"
"image\map\2010\icon.png"	"4014"	"F55B4B4B58B50A4E9C347C15FADD72E77F1B9EE9ED5CCD13C1FF984C38CB2E0F"
"image\map\2010\samll_map.png"	"11623"	"99EA9EA5F4E57E2EC50449D52FED390FFE9DF2492EBC6FF073CF1848FFFA0A90"
"image\map\2010\samll_map_s.jpg"	"8431"	"E9B60CE9408D2F5EDD63977F588C7AD92D81B42A8CCB5E5CEFF1B8071BA55384"
"image\map\2010\samll_map_s.png"	"15711"	"25550E7443997AA80C7CCC8FC9B00CD8B59F6D9A28EBA9FB4DACDFBA6A652A12"
"image\map\2010\show1.jpg"	"74500"	"1BFBB5AA28F740142BF8B4BA481A420FF67A9C734FD96A381EA7668F4C922FE3"
"image\map\2010\show2.jpg"	"56904"	"97DD1F83015870B03433296CC5410673E8E98D950CF32756E0ABF14A699A5050"
"image\map\2012\back.jpg"	"45344"	"EA7470836C62DDB4E294C12D9DF13CCA1036AAFE450A7BD7579192E27C56778C"
"image\map\2012\dead.png"	"117872"	"699EAE0E112D93A7C134850A0D01A36BBDD83CBA0E7D4E1DB733A83A65A4D5BE"
"image\map\2012\icon.png"	"4006"	"74C90DA09D5CBE6FC70B158C54CC5CE2C05CB6E34434F6C645BB2108F18E3E10"
"image\map\2012\samll_map.png"	"17986"	"4DA2ABD9F803EC8177C163CA400BCDBF4549596D58AC026DFEC6D629FED6C19F"
"image\map\2012\samll_map_s.jpg"	"8413"	"777641DFD195E6CC78986C5174E38DF97668F1A08FB4818AE86930C652E3A123"
"image\map\2012\samll_map_s.png"	"16950"	"CB4F7828C6D1B5A3A58EA0F93D20719247DB7762CAD731A78DF44145369243BA"
"image\map\2012\show1.jpg"	"71860"	"674E1FF38014697642C9716F08427CEF0B3E2938779E60F148A24B2714E1DA5E"
"image\map\2013\back.jpg"	"66199"	"0629C9CD39EBF37FC95C9B7F83FC21252FCD44824C77717E5EC41955360D2D23"
"image\map\2013\dead.png"	"123755"	"A418DF9480519FC37612528D7C85D2818A30A3FEAD1CB265E54A84708EBEC196"
"image\map\2013\icon.png"	"4033"	"520D405AD4935F291B2B2567886F3D7100BCE3283050EE699B98A8E1CEF6D7F9"
"image\map\2013\samll_map.png"	"18995"	"A818792FC3524FFA86EF4EC06A918528CA7CA65743B65F969D139B34ED328385"
"image\map\2013\samll_map_s.jpg"	"8788"	"21DEE6110548CF894D2FD65CCA4808C36450BEF40FD1A4E60C50BE6CEA3E9C00"
"image\map\2013\samll_map_s.png"	"17935"	"996C8E648BEACEEA2D89A4C8620C07A0B086D2451F39A1AF7D5C1B85D135341B"
"image\map\2013\show1.jpg"	"81932"	"A6ED103BF5AA45127161D566ABE41EA935D50E93F325226DEB1D030F72FD214B"
"image\map\70001\back.jpg"	"83299"	"DA2BBA2707726AC2B55EE6C5CFEC1399F638BFDD6F8EFC74FAF87584D3AD65CB"
"image\map\70001\dead.png"	"174279"	"AE3232BE225D16C2E94306729D2A89DB4BAF82979F7873AFF7C31FE7B93A0613"
"image\map\70001\icon.png"	"3852"	"61DAB7D8DAE79242C536E4264C796BC4EEAB1D35FFBC4AE82AC521E4FD0CC41D"
"image\map\70001\samll_map.png"	"15353"	"262A25E1D72512361C6EC10AE1331AFB2F924AFD217CBE94FD77E53BF80F4E90"
"image\map\70001\samll_map_s.jpg"	"28917"	"8EA0846290F6167537034925A8FE7CD5E0ADB65BA45893C318902A8E4794C8FC"
"image\map\70001\samll_map_s.png"	"5991"	"CDBCCDF3200D1DE4BEA2A41C0C57A53533AA60ABA41178B372D92B69BB2CA07F"
"image\map\70001\samll_map_s1.jpg"	"2871"	"B1888BFFD7AA4664204A6904B4E345A2C4B038857536AFA0147929BF3E152991"
"image\map\70001\show.jpg"	"28691"	"AAE4CF073D557D0F03D89A87CCECC705363223A75FA8E207A615DFF3CE17E6A7"
"image\map\70001\show1.jpg"	"28691"	"AAE4CF073D557D0F03D89A87CCECC705363223A75FA8E207A615DFF3CE17E6A7"
